round,event,driver_number,driver,team,grid,quali_pos,quali_time,quali_delta,finish,points,status,pole,winner,dnf,first_dnf,fastest_lap,fp12_race_pace_delta,fp12_best_delta,fp12_laps,fp_race_pace_delta,fp_best_delta,fp_laps,sprint_quali_pos,sprint_quali_delta,sprint_finish,sprint_gain
1,Australian Grand Prix,1,VER,Red Bull Racing,3.0,3.0,75.481,0.3849999999999909,2.0,18.0,Finished,0,0,0,0,0,0.5161999999999978,0.6240000000000094,25.0,0.5161999999999978,0.0809999999999888,30,,,,
1,Australian Grand Prix,10,GAS,Alpine,9.0,9.0,75.98,0.8840000000000003,11.0,0.0,Finished,0,0,0,0,0,1.1264000000000038,1.054000000000002,34.0,1.1264000000000038,0.7979999999999876,43,,,,
1,Australian Grand Prix,12,ANT,Mercedes,16.0,16.0,76.525,1.429000000000002,4.0,12.0,Finished,0,0,0,0,0,0.1961999999999903,1.1380000000000052,31.0,0.1961999999999903,0.2849999999999966,38,,,,
1,Australian Grand Prix,14,ALO,Aston Martin,12.0,12.0,76.288,1.191999999999993,17.0,0.0,Retired,0,0,1,0,0,0.9470000000000028,0.7860000000000014,35.0,0.4299999999999926,0.7860000000000014,44,,,,
1,Australian Grand Prix,16,LEC,Ferrari,7.0,7.0,75.755,0.6589999999999918,8.0,4.0,Finished,0,0,0,0,0,0.1925999999999845,0.0,33.0,0.1925999999999845,0.0,39,,,,
1,Australian Grand Prix,18,STR,Aston Martin,13.0,13.0,76.369,1.272999999999996,6.0,8.0,Finished,0,0,0,0,0,0.8674000000000035,0.8050000000000068,31.0,0.0,0.8050000000000068,44,,,,
1,Australian Grand Prix,22,TSU,Racing Bulls,5.0,5.0,75.67,0.5739999999999981,12.0,0.0,Finished,0,0,0,0,0,0.7755499999999955,0.3450000000000131,29.0,0.7755499999999955,0.3450000000000131,39,,,,
1,Australian Grand Prix,23,ALB,Williams,6.0,6.0,75.737,0.6409999999999911,5.0,10.0,Finished,0,0,0,0,0,0.3027999999999906,0.4609999999999985,24.0,0.3027999999999906,0.3369999999999891,35,,,,
1,Australian Grand Prix,27,HUL,Kick Sauber,17.0,17.0,76.579,1.48299999999999,7.0,6.0,Finished,0,0,0,0,0,0.8621999999999872,0.7220000000000084,24.0,0.8621999999999872,0.7220000000000084,30,,,,
1,Australian Grand Prix,30,LAW,Red Bull Racing,18.0,18.0,77.094,1.9979999999999905,15.0,0.0,Retired,0,0,1,0,0,1.2864000000000004,1.2010000000000076,33.0,1.2864000000000004,1.2010000000000076,33,,,,
1,Australian Grand Prix,31,OCO,Haas F1 Team,19.0,19.0,77.147,2.051000000000002,13.0,0.0,Finished,0,0,0,0,0,1.4455500000000114,1.595000000000013,31.0,1.4455500000000114,1.4519999999999982,40,,,,
1,Australian Grand Prix,4,NOR,McLaren,1.0,1.0,75.096,0.0,1.0,25.0,Finished,1,1,0,0,1,0.0,0.0,34.0,0.0,0.0,42,,,,
1,Australian Grand Prix,44,HAM,Ferrari,8.0,8.0,75.919,0.8229999999999933,10.0,1.0,Finished,0,0,0,0,0,0.0480000000000018,0.4200000000000017,30.0,0.0480000000000018,0.4200000000000017,40,,,,
1,Australian Grand Prix,5,BOR,Kick Sauber,15.0,15.0,76.516,1.4200000000000017,16.0,0.0,Retired,0,0,1,0,0,1.6082000000000107,1.186000000000007,28.0,1.6082000000000107,0.7859999999999872,34,,,,
1,Australian Grand Prix,55,SAI,Williams,10.0,10.0,75.931,0.8349999999999937,18.0,0.0,Retired,0,0,1,1,0,0.581466666666671,0.1490000000000009,34.0,0.581466666666671,0.1490000000000009,46,,,,
1,Australian Grand Prix,6,HAD,Racing Bulls,11.0,11.0,76.175,1.0789999999999935,20.0,0.0,Retired,0,0,1,1,0,0.9758000000000068,0.5800000000000125,33.0,0.9758000000000068,0.5800000000000125,42,,,,
1,Australian Grand Prix,63,RUS,Mercedes,4.0,4.0,75.546,0.4500000000000028,3.0,15.0,Finished,0,0,0,0,0,0.0,0.4639999999999986,36.0,0.0,0.0389999999999872,40,,,,
1,Australian Grand Prix,7,DOO,Alpine,14.0,14.0,76.315,1.218999999999994,19.0,0.0,Retired,0,0,1,1,0,0.8700000000000045,0.9550000000000124,36.0,0.8700000000000045,0.9550000000000124,41,,,,
1,Australian Grand Prix,81,PIA,McLaren,2.0,2.0,75.18,0.0840000000000031,9.0,2.0,Finished,0,0,0,0,0,0.3360000000000127,0.1240000000000094,33.0,0.3360000000000127,0.0,42,,,,
1,Australian Grand Prix,87,BEA,Haas F1 Team,20.0,20.0,,,14.0,0.0,Finished,0,0,0,0,0,12.520899999999996,2.0600000000000023,8.0,12.520899999999996,2.0600000000000023,8,,,,
2,Chinese Grand Prix,1,VER,Red Bull Racing,4.0,4.0,90.817,0.1759999999999877,4.0,12.0,Finished,0,0,0,0,0,3.7636666666666656,1.7800000000000011,15.0,3.7636666666666656,1.7800000000000011,15,2.0,0.018,3.0,-1.0
2,Chinese Grand Prix,10,GAS,Alpine,16.0,16.0,91.992,1.350999999999999,20.0,0.0,Disqualified,0,0,0,0,0,0.7043333333333379,1.6189999999999998,12.0,0.7043333333333379,1.6189999999999998,12,17.0,1.791,12.0,5.0
2,Chinese Grand Prix,12,ANT,Mercedes,8.0,8.0,91.103,0.4619999999999891,6.0,8.0,Finished,0,0,0,0,0,2.631666666666689,1.3699999999999903,19.0,2.631666666666689,1.3699999999999903,19,7.0,0.626,7.0,0.0
2,Chinese Grand Prix,14,ALO,Aston Martin,13.0,13.0,91.688,1.046999999999997,17.0,0.0,Retired,0,0,1,1,0,6.550400000000025,1.2620000000000005,12.0,6.550400000000025,1.2620000000000005,12,11.0,0.966,10.0,1.0
2,Chinese Grand Prix,16,LEC,Ferrari,6.0,6.0,91.021,0.3799999999999954,18.0,0.0,Disqualified,0,0,0,0,0,10.677000000000008,0.4539999999999935,10.0,10.677000000000008,0.4539999999999935,10,4.0,0.208,5.0,-1.0
2,Chinese Grand Prix,18,STR,Aston Martin,14.0,14.0,91.773,1.1319999999999908,9.0,2.0,Finished,0,0,0,0,0,10.46120000000002,1.4799999999999898,11.0,10.46120000000002,1.4799999999999898,11,9.0,0.893,9.0,1.0
2,Chinese Grand Prix,22,TSU,Racing Bulls,9.0,9.0,91.238,0.5969999999999942,16.0,0.0,Lapped,0,0,0,0,0,3.461333333333343,1.4299999999999926,14.0,3.461333333333343,1.4299999999999926,14,10.0,0.924,6.0,2.0
2,Chinese Grand Prix,23,ALB,Williams,10.0,10.0,91.503,0.8619999999999948,7.0,6.0,Finished,0,0,0,0,0,2.744333333333344,1.1829999999999927,14.0,2.744333333333344,1.1829999999999927,14,8.0,0.69,11.0,-2.0
2,Chinese Grand Prix,27,HUL,Kick Sauber,12.0,12.0,91.632,0.9909999999999995,15.0,0.0,Lapped,0,0,0,0,0,3.090333333333348,1.003,12.0,3.090333333333348,1.003,12,19.0,1.826,19.0,1.0
2,Chinese Grand Prix,30,LAW,Red Bull Racing,20.0,20.0,92.174,1.5330000000000013,12.0,0.0,Finished,0,0,0,0,0,4.414800000000014,2.1269999999999953,16.0,4.414800000000014,2.1269999999999953,16,20.0,1.88,14.0,5.0
2,Chinese Grand Prix,31,OCO,Haas F1 Team,11.0,11.0,91.625,0.9839999999999948,5.0,10.0,Finished,0,0,0,0,0,1.985666666666688,1.5519999999999925,13.0,1.985666666666688,1.5519999999999925,13,18.0,1.802,16.0,2.0
2,Chinese Grand Prix,4,NOR,McLaren,3.0,3.0,90.787,0.1460000000000008,2.0,18.0,Finished,0,0,0,0,0,3.088600000000014,0.0,15.0,3.088600000000014,0.0,15,6.0,0.325,8.0,-2.0
2,Chinese Grand Prix,44,HAM,Ferrari,5.0,5.0,90.927,0.2860000000000013,19.0,0.0,Disqualified,0,0,0,0,1,0.2072500000000161,0.6909999999999883,10.0,0.2072500000000161,0.6909999999999883,10,1.0,0.0,1.0,0.0
2,Chinese Grand Prix,5,BOR,Kick Sauber,19.0,19.0,92.141,1.5,14.0,0.0,Lapped,0,0,0,0,0,5.511400000000009,2.317999999999998,14.0,5.511400000000009,2.317999999999998,14,15.0,1.69,18.0,-4.0
2,Chinese Grand Prix,55,SAI,Williams,15.0,15.0,91.628,0.9869999999999948,10.0,1.0,Finished,0,0,0,0,0,2.770333333333354,1.6409999999999911,15.0,2.770333333333354,1.6409999999999911,15,14.0,1.476,17.0,-4.0
2,Chinese Grand Prix,6,HAD,Racing Bulls,7.0,7.0,91.079,0.4379999999999882,11.0,0.0,Finished,0,0,0,0,0,4.733400000000017,1.881,13.0,4.733400000000017,1.881,13,13.0,1.322,13.0,2.0
2,Chinese Grand Prix,63,RUS,Mercedes,2.0,2.0,90.723,0.0819999999999936,3.0,15.0,Finished,0,0,0,0,0,0.0,0.8729999999999905,15.0,0.0,0.8729999999999905,15,5.0,0.32,4.0,1.0
2,Chinese Grand Prix,7,DOO,Alpine,18.0,18.0,92.092,1.4509999999999934,13.0,0.0,Finished,0,0,0,0,0,1.306500000000014,2.418999999999997,10.0,1.306500000000014,2.418999999999997,10,16.0,1.726,20.0,-4.0
2,Chinese Grand Prix,81,PIA,McLaren,1.0,1.0,90.641,0.0,1.0,25.0,Finished,1,1,0,0,0,2.2390000000000185,0.6490000000000009,15.0,2.2390000000000185,0.6490000000000009,15,3.0,0.08,2.0,1.0
2,Chinese Grand Prix,87,BEA,Haas F1 Team,17.0,17.0,92.018,1.3769999999999951,8.0,4.0,Finished,0,0,0,0,0,3.475333333333353,1.462999999999994,16.0,3.475333333333353,1.462999999999994,16,12.0,1.129,15.0,-3.0
3,Japanese Grand Prix,1,VER,Red Bull Racing,1.0,1.0,86.983,0.0,1.0,25.0,Finished,1,1,0,0,0,5.012416666666681,0.5159999999999911,14.0,2.607600000000005,0.5159999999999911,26,,,,
3,Japanese Grand Prix,10,GAS,Alpine,11.0,11.0,87.822,0.8389999999999986,13.0,0.0,Finished,0,0,0,0,0,4.5871666666666755,0.9979999999999905,16.0,4.5871666666666755,0.637999999999991,22,,,,
3,Japanese Grand Prix,12,ANT,Mercedes,6.0,6.0,87.555,0.5720000000000027,6.0,8.0,Finished,0,0,0,0,1,4.593066666666672,0.7349999999999994,18.0,1.4606000000000137,0.7349999999999994,30,,,,
3,Japanese Grand Prix,14,ALO,Aston Martin,12.0,13.0,87.897,0.9140000000000016,11.0,0.0,Finished,0,0,0,0,0,3.830666666666673,0.6729999999999876,15.0,3.830666666666673,0.6729999999999876,25,,,,
3,Japanese Grand Prix,16,LEC,Ferrari,4.0,4.0,87.299,0.3160000000000025,4.0,12.0,Finished,0,0,0,0,0,4.0878666666666845,0.4159999999999968,19.0,4.0878666666666845,0.4159999999999968,24,,,,
3,Japanese Grand Prix,18,STR,Aston Martin,20.0,20.0,89.271,2.2879999999999967,20.0,0.0,Lapped,0,0,0,0,0,4.131333333333345,1.208999999999989,15.0,4.131333333333345,1.208999999999989,24,,,,
3,Japanese Grand Prix,22,TSU,Red Bull Racing,14.0,15.0,87.967,0.9839999999999948,12.0,0.0,Finished,0,0,0,0,0,5.058666666666667,0.6229999999999905,15.0,5.058666666666667,0.6229999999999905,20,,,,
3,Japanese Grand Prix,23,ALB,Williams,9.0,9.0,87.615,0.6319999999999908,9.0,2.0,Finished,0,0,0,0,0,4.681333333333356,0.8429999999999893,15.0,0.3124000000000109,0.5889999999999986,26,,,,
3,Japanese Grand Prix,27,HUL,Kick Sauber,16.0,16.0,88.57,1.586999999999989,16.0,0.0,Finished,0,0,0,0,0,3.855866666666671,1.4739999999999895,12.0,2.4531000000000205,1.4739999999999895,21,,,,
3,Japanese Grand Prix,30,LAW,Racing Bulls,13.0,14.0,87.906,0.9230000000000018,17.0,0.0,Finished,0,0,0,0,0,5.092066666666668,0.9869999999999948,17.0,3.414200000000008,0.9869999999999948,28,,,,
3,Japanese Grand Prix,31,OCO,Haas F1 Team,18.0,18.0,88.696,1.712999999999994,18.0,0.0,Finished,0,0,0,0,0,13.066266666666664,1.573999999999998,10.0,3.2660000000000053,1.573999999999998,20,,,,
3,Japanese Grand Prix,4,NOR,McLaren,2.0,2.0,86.995,0.0120000000000004,2.0,18.0,Finished,0,0,0,0,0,3.608866666666671,0.0,14.0,2.5922000000000196,0.0,26,,,,
3,Japanese Grand Prix,44,HAM,Ferrari,8.0,8.0,87.61,0.6269999999999953,7.0,6.0,Finished,0,0,0,0,0,1.2671666666666823,0.5019999999999953,15.0,1.2671666666666823,0.5019999999999953,19,,,,
3,Japanese Grand Prix,5,BOR,Kick Sauber,17.0,17.0,88.622,1.6389999999999958,19.0,0.0,Finished,0,0,0,0,0,4.659466666666688,1.597999999999999,18.0,4.659466666666688,1.597999999999999,23,,,,
3,Japanese Grand Prix,55,SAI,Williams,15.0,12.0,87.836,0.8529999999999944,14.0,0.0,Finished,0,0,0,0,0,4.64766666666668,0.7839999999999918,15.0,0.0,0.7839999999999918,28,,,,
3,Japanese Grand Prix,6,HAD,Racing Bulls,7.0,7.0,87.569,0.5859999999999985,8.0,4.0,Finished,0,0,0,0,0,5.091666666666683,0.6759999999999877,17.0,3.0949333333333584,0.6759999999999877,24,,,,
3,Japanese Grand Prix,63,RUS,Mercedes,5.0,5.0,87.318,0.3349999999999937,5.0,10.0,Finished,0,0,0,0,0,0.0,0.1629999999999967,18.0,0.0,0.1119999999999947,23,,,,
3,Japanese Grand Prix,7,DOO,Alpine,19.0,19.0,88.877,1.8939999999999912,15.0,0.0,Finished,0,0,0,0,0,,,,23.149350000000013,1.8019999999999925,8,,,,
3,Japanese Grand Prix,81,PIA,McLaren,3.0,3.0,87.027,0.0439999999999969,3.0,15.0,Finished,0,0,0,0,0,3.962666666666678,1.1589999999999918,17.0,3.962666666666678,0.0259999999999962,27,,,,
3,Japanese Grand Prix,87,BEA,Haas F1 Team,10.0,10.0,87.711,0.7279999999999944,10.0,1.0,Finished,0,0,0,0,0,2.8381666666666803,1.5279999999999916,7.0,2.8381666666666803,1.5279999999999916,16,,,,
4,Bahrain Grand Prix,1,VER,Red Bull Racing,7.0,7.0,90.423,0.5820000000000078,6.0,8.0,Finished,0,0,0,0,0,4.1440000000000055,0.8250000000000028,20.0,4.1440000000000055,0.8250000000000028,24,,,,
4,Bahrain Grand Prix,10,GAS,Alpine,4.0,5.0,90.216,0.375,7.0,6.0,Finished,0,0,0,0,0,2.457333333333338,0.2379999999999995,27.0,2.457333333333338,0.2379999999999995,35,,,,
4,Bahrain Grand Prix,12,ANT,Mercedes,5.0,4.0,90.213,0.3719999999999999,11.0,0.0,Finished,0,0,0,0,0,4.995266666666666,0.7220000000000084,18.0,4.995266666666666,0.7220000000000084,22,,,,
4,Bahrain Grand Prix,14,ALO,Aston Martin,13.0,13.0,91.634,1.7930000000000064,15.0,0.0,Finished,0,0,0,0,0,3.370266666666666,1.3200000000000074,11.0,3.370266666666666,1.3200000000000074,18,,,,
4,Bahrain Grand Prix,16,LEC,Ferrari,2.0,3.0,90.175,0.3340000000000032,4.0,12.0,Finished,0,0,0,0,0,4.92046666666667,0.5400000000000063,15.0,4.92046666666667,0.5400000000000063,23,,,,
4,Bahrain Grand Prix,18,STR,Aston Martin,19.0,19.0,92.283,2.4420000000000073,17.0,0.0,Finished,0,0,0,0,0,0.0,1.8770000000000095,27.0,0.0,1.8770000000000095,33,,,,
4,Bahrain Grand Prix,22,TSU,Red Bull Racing,10.0,10.0,91.228,1.3870000000000005,9.0,2.0,Finished,0,0,0,0,0,3.4723333333333386,1.2800000000000011,28.0,3.4723333333333386,1.2800000000000011,33,,,,
4,Bahrain Grand Prix,23,ALB,Williams,15.0,15.0,92.04,2.1990000000000123,12.0,0.0,Finished,0,0,0,0,0,2.483000000000004,0.7240000000000038,32.0,2.483000000000004,0.7240000000000038,37,,,,
4,Bahrain Grand Prix,27,HUL,Kick Sauber,16.0,16.0,92.067,2.225999999999999,20.0,0.0,Disqualified,0,0,0,0,0,3.867916666666673,1.058000000000007,28.0,3.867916666666673,1.058000000000007,30,,,,
4,Bahrain Grand Prix,30,LAW,Racing Bulls,17.0,17.0,92.165,2.3240000000000123,16.0,0.0,Finished,0,0,0,0,0,5.882866666666672,1.193000000000012,27.0,5.882866666666672,1.193000000000012,32,,,,
4,Bahrain Grand Prix,31,OCO,Haas F1 Team,14.0,14.0,91.594,1.753,8.0,4.0,Finished,0,0,0,0,0,0.3799999999999954,0.980000000000004,23.0,0.3799999999999954,0.980000000000004,30,,,,
4,Bahrain Grand Prix,4,NOR,McLaren,6.0,6.0,90.267,0.4260000000000019,3.0,15.0,Finished,0,0,0,0,0,0.0363333333333457,0.0,35.0,0.0363333333333457,0.0,41,,,,
4,Bahrain Grand Prix,44,HAM,Ferrari,9.0,9.0,90.772,0.9310000000000116,5.0,10.0,Finished,0,0,0,0,0,2.0873333333333335,0.5960000000000036,25.0,0.0,0.5960000000000036,31,,,,
4,Bahrain Grand Prix,5,BOR,Kick Sauber,18.0,18.0,92.186,2.345000000000013,18.0,0.0,Finished,0,0,0,0,0,2.977000000000018,1.26700000000001,27.0,2.977000000000018,1.26700000000001,30,,,,
4,Bahrain Grand Prix,55,SAI,Williams,8.0,8.0,90.68,0.8390000000000128,19.0,0.0,Retired,0,0,1,1,0,5.49966666666667,1.1180000000000092,17.0,5.49966666666667,1.1180000000000092,22,,,,
4,Bahrain Grand Prix,6,HAD,Racing Bulls,12.0,12.0,91.271,1.4300000000000068,13.0,0.0,Finished,0,0,0,0,0,3.1573333333333267,0.7330000000000041,22.0,3.1573333333333267,0.7330000000000041,27,,,,
4,Bahrain Grand Prix,63,RUS,Mercedes,3.0,2.0,90.009,0.1680000000000063,2.0,18.0,Finished,0,0,0,0,0,4.0363333333333316,0.527000000000001,14.0,4.0363333333333316,0.527000000000001,18,,,,
4,Bahrain Grand Prix,7,DOO,Alpine,11.0,11.0,91.245,1.4040000000000106,14.0,0.0,Finished,0,0,0,0,0,3.641000000000006,1.1920000000000073,26.0,3.641000000000006,1.1920000000000073,32,,,,
4,Bahrain Grand Prix,81,PIA,McLaren,1.0,1.0,89.841,0.0,1.0,25.0,Finished,1,1,0,0,1,0.4028666666666538,0.0,34.0,0.4028666666666538,0.0,38,,,,
4,Bahrain Grand Prix,87,BEA,Haas F1 Team,20.0,20.0,92.373,2.5320000000000107,10.0,1.0,Finished,0,0,0,0,0,4.791666666666671,1.0790000000000075,18.0,4.791666666666671,1.0790000000000075,26,,,,
5,Saudi Arabian Grand Prix,1,VER,Red Bull Racing,1.0,1.0,87.294,0.0,2.0,18.0,Finished,1,0,0,0,0,4.439599999999999,0.2800000000000011,27.0,4.439599999999999,0.2800000000000011,33,,,,
5,Saudi Arabian Grand Prix,10,GAS,Alpine,9.0,9.0,88.025,0.7310000000000088,20.0,0.0,Retired,0,0,1,1,0,4.007000000000005,0.0,22.0,4.007000000000005,0.0,27,,,,
5,Saudi Arabian Grand Prix,12,ANT,Mercedes,5.0,5.0,87.798,0.5040000000000049,6.0,8.0,Finished,0,0,0,0,0,0.0,0.6949999999999932,18.0,0.0,0.6949999999999932,24,,,,
5,Saudi Arabian Grand Prix,14,ALO,Aston Martin,13.0,13.0,88.303,1.0090000000000003,11.0,0.0,Finished,0,0,0,0,0,4.196666666666658,0.7369999999999948,20.0,4.196666666666658,0.7369999999999948,26,,,,
5,Saudi Arabian Grand Prix,16,LEC,Ferrari,4.0,4.0,87.67,0.3760000000000048,3.0,15.0,Finished,0,0,0,0,0,2.7176666666666733,0.0699999999999931,26.0,2.7176666666666733,0.0699999999999931,34,,,,
5,Saudi Arabian Grand Prix,18,STR,Aston Martin,16.0,16.0,88.645,1.350999999999999,16.0,0.0,Lapped,0,0,0,0,0,5.579666666666654,1.343999999999994,18.0,5.579666666666654,1.343999999999994,24,,,,
5,Saudi Arabian Grand Prix,22,TSU,Red Bull Racing,8.0,8.0,87.99,0.695999999999998,19.0,0.0,Retired,0,0,1,0,0,4.399000000000001,0.5819999999999936,21.0,4.399000000000001,0.5819999999999936,28,,,,
5,Saudi Arabian Grand Prix,23,ALB,Williams,11.0,11.0,88.109,0.8149999999999977,9.0,2.0,Finished,0,0,0,0,0,0.2789999999999963,0.3669999999999902,21.0,0.2789999999999963,0.3669999999999902,27,,,,
5,Saudi Arabian Grand Prix,27,HUL,Kick Sauber,18.0,18.0,88.782,1.4879999999999995,15.0,0.0,Lapped,0,0,0,0,0,4.560333333333318,0.6769999999999925,20.0,4.560333333333318,0.6769999999999925,24,,,,
5,Saudi Arabian Grand Prix,30,LAW,Racing Bulls,12.0,12.0,88.191,0.8970000000000056,12.0,0.0,Finished,0,0,0,0,0,11.756250000000009,0.6679999999999922,19.0,11.756250000000009,0.6679999999999922,25,,,,
5,Saudi Arabian Grand Prix,31,OCO,Haas F1 Team,19.0,19.0,89.092,1.7980000000000018,14.0,0.0,Finished,0,0,0,0,0,1.4067500000000024,1.7520000000000095,19.0,1.4067500000000024,1.7520000000000095,29,,,,
5,Saudi Arabian Grand Prix,4,NOR,McLaren,10.0,10.0,87.481,0.1869999999999976,4.0,12.0,Finished,0,0,0,0,1,2.9417999999999864,0.0,23.0,2.9417999999999864,0.0,30,,,,
5,Saudi Arabian Grand Prix,44,HAM,Ferrari,7.0,7.0,88.102,0.8080000000000069,7.0,6.0,Finished,0,0,0,0,0,1.6591999999999985,0.5759999999999934,24.0,1.6591999999999985,0.5759999999999934,30,,,,
5,Saudi Arabian Grand Prix,5,BOR,Kick Sauber,20.0,20.0,89.462,2.1680000000000064,18.0,0.0,Lapped,0,0,0,0,0,5.149000000000001,1.7989999999999924,12.0,0.0,1.7989999999999924,25,,,,
5,Saudi Arabian Grand Prix,55,SAI,Williams,6.0,6.0,88.024,0.730000000000004,8.0,4.0,Finished,0,0,0,0,0,3.767333333333312,0.539999999999992,25.0,3.767333333333312,0.539999999999992,30,,,,
5,Saudi Arabian Grand Prix,6,HAD,Racing Bulls,14.0,14.0,88.418,1.1240000000000094,10.0,1.0,Finished,0,0,0,0,0,26.94074999999999,0.7719999999999914,14.0,11.385583333333344,0.7719999999999914,21,,,,
5,Saudi Arabian Grand Prix,63,RUS,Mercedes,3.0,3.0,87.407,0.1129999999999995,5.0,10.0,Finished,0,0,0,0,0,0.0,0.3789999999999907,15.0,0.0,0.3789999999999907,19,,,,
5,Saudi Arabian Grand Prix,7,DOO,Alpine,17.0,17.0,88.739,1.4450000000000074,17.0,0.0,Lapped,0,0,0,0,0,4.656000000000006,0.9440000000000026,22.0,4.656000000000006,0.9440000000000026,29,,,,
5,Saudi Arabian Grand Prix,81,PIA,McLaren,2.0,2.0,87.304,0.0100000000000051,1.0,25.0,Finished,0,1,0,0,0,0.1633333333333269,0.1019999999999896,25.0,0.1633333333333269,0.0,32,,,,
5,Saudi Arabian Grand Prix,87,BEA,Haas F1 Team,15.0,15.0,88.536,1.2420000000000044,13.0,0.0,Finished,0,0,0,0,0,4.875333333333344,1.3559999999999943,15.0,4.875333333333344,1.3559999999999943,20,,,,
6,Miami Grand Prix,1,VER,Red Bull Racing,1.0,1.0,,,4.0,12.0,Finished,1,0,0,0,0,2.558333333333337,0.4300000000000068,11.0,2.558333333333337,0.4300000000000068,11,4.0,0.255,17.0,-13.0
6,Miami Grand Prix,10,GAS,Alpine,20.0,18.0,,,13.0,0.0,Finished,0,0,0,0,0,2.494799999999998,1.956000000000003,15.0,2.494799999999998,1.956000000000003,15,14.0,1.685,8.0,5.0
6,Miami Grand Prix,12,ANT,Mercedes,3.0,3.0,,,6.0,8.0,Finished,0,0,0,0,0,1.9894000000000032,1.0990000000000038,17.0,1.9894000000000032,1.0990000000000038,17,1.0,0.0,7.0,-6.0
6,Miami Grand Prix,14,ALO,Aston Martin,17.0,17.0,,,15.0,0.0,Lapped,0,0,0,0,0,5.45620000000001,1.1149999999999949,12.0,5.45620000000001,1.1149999999999949,12,10.0,1.284,18.0,-8.0
6,Miami Grand Prix,16,LEC,Ferrari,8.0,8.0,,,7.0,6.0,Finished,0,0,0,0,0,1.7335999999999956,0.3559999999999945,14.0,1.7335999999999956,0.3559999999999945,14,6.0,0.326,20.0,-14.0
6,Miami Grand Prix,18,STR,Aston Martin,18.0,19.0,,,16.0,0.0,Lapped,0,0,0,0,0,5.249200000000002,2.2339999999999947,11.0,5.249200000000002,2.2339999999999947,11,16.0,2.546,5.0,11.0
6,Miami Grand Prix,22,TSU,Red Bull Racing,10.0,10.0,,,10.0,1.0,Finished,0,0,0,0,0,3.495199999999997,2.058000000000007,10.0,3.495199999999997,2.058000000000007,10,18.0,2.764,6.0,14.0
6,Miami Grand Prix,23,ALB,Williams,7.0,7.0,,,5.0,10.0,Finished,0,0,0,0,0,1.2616666666666705,0.8269999999999982,11.0,1.2616666666666705,0.8269999999999982,11,8.0,0.711,11.0,-3.0
6,Miami Grand Prix,27,HUL,Kick Sauber,16.0,16.0,,,14.0,0.0,Lapped,0,0,0,0,0,,1.4449999999999932,4.0,,1.4449999999999932,4,11.0,1.368,9.0,2.0
6,Miami Grand Prix,30,LAW,Racing Bulls,15.0,15.0,,,17.0,0.0,Retired,0,0,1,0,0,3.022200000000012,2.221999999999994,12.0,3.022200000000012,2.221999999999994,12,15.0,1.893,13.0,1.0
6,Miami Grand Prix,31,OCO,Haas F1 Team,9.0,9.0,,,12.0,0.0,Finished,0,0,0,0,0,2.363200000000006,2.051000000000002,10.0,2.363200000000006,2.051000000000002,10,13.0,1.588,12.0,0.0
6,Miami Grand Prix,4,NOR,McLaren,2.0,2.0,,,2.0,18.0,Finished,0,0,0,0,1,2.839000000000013,1.2630000000000052,13.0,2.839000000000013,1.2630000000000052,13,3.0,0.1,1.0,2.0
6,Miami Grand Prix,44,HAM,Ferrari,12.0,12.0,,,8.0,4.0,Finished,0,0,0,0,0,0.0,1.4279999999999973,9.0,0.0,1.4279999999999973,9,7.0,0.548,3.0,4.0
6,Miami Grand Prix,5,BOR,Kick Sauber,13.0,13.0,,,18.0,0.0,Retired,0,0,1,0,0,2.7124000000000024,1.643000000000001,11.0,2.7124000000000024,1.643000000000001,11,19.0,2.83,15.0,3.0
6,Miami Grand Prix,55,SAI,Williams,6.0,6.0,,,9.0,2.0,Finished,0,0,0,0,0,2.1768,0.5499999999999972,13.0,2.1768,0.5499999999999972,13,12.0,1.417,19.0,-4.0
6,Miami Grand Prix,6,HAD,Racing Bulls,11.0,11.0,,,11.0,0.0,Finished,0,0,0,0,0,3.0666000000000224,1.5420000000000016,16.0,3.0666000000000224,1.5420000000000016,16,9.0,1.061,10.0,-1.0
6,Miami Grand Prix,63,RUS,Mercedes,5.0,5.0,,,3.0,15.0,Finished,0,0,0,0,0,1.878,0.9300000000000068,19.0,1.878,0.9300000000000068,19,5.0,0.309,4.0,1.0
6,Miami Grand Prix,7,DOO,Alpine,14.0,14.0,,,20.0,0.0,Retired,0,0,1,1,0,2.140000000000001,2.228999999999999,15.0,2.140000000000001,2.228999999999999,15,17.0,2.689,16.0,1.0
6,Miami Grand Prix,81,PIA,McLaren,4.0,4.0,,,1.0,25.0,Finished,0,1,0,0,0,0.6850000000000023,0.0,14.0,0.6850000000000023,0.0,14,2.0,0.045,2.0,0.0
6,Miami Grand Prix,87,BEA,Haas F1 Team,19.0,20.0,,,19.0,0.0,Retired,0,0,1,0,0,2.480400000000003,1.867999999999995,12.0,2.480400000000003,1.867999999999995,12,20.0,3.343,14.0,5.0
7,Emilia Romagna Grand Prix,1,VER,Red Bull Racing,2.0,2.0,74.704,0.0339999999999918,1.0,25.0,Finished,0,1,0,0,1,1.186749999999989,0.3599999999999994,23.0,1.186749999999989,0.1809999999999973,30,,,,
7,Emilia Romagna Grand Prix,10,GAS,Alpine,10.0,10.0,75.505,0.8349999999999937,13.0,0.0,Finished,0,0,0,0,0,0.9390000000000072,0.1509999999999962,22.0,0.9390000000000072,0.1509999999999962,28,,,,
7,Emilia Romagna Grand Prix,12,ANT,Mercedes,13.0,13.0,75.772,1.102000000000004,19.0,0.0,Retired,0,0,1,0,0,0.3838000000000079,0.5489999999999924,25.0,0.3838000000000079,0.5019999999999953,30,,,,
7,Emilia Romagna Grand Prix,14,ALO,Aston Martin,5.0,5.0,75.431,0.7609999999999957,11.0,0.0,Finished,0,0,0,0,0,1.6267500000000013,0.5759999999999934,25.0,1.6267500000000013,0.5759999999999934,35,,,,
7,Emilia Romagna Grand Prix,16,LEC,Ferrari,11.0,11.0,75.604,0.9339999999999976,6.0,8.0,Finished,0,0,0,0,0,0.194666666666663,0.4749999999999943,29.0,0.0,0.4749999999999943,44,,,,
7,Emilia Romagna Grand Prix,18,STR,Aston Martin,8.0,8.0,75.497,0.8269999999999982,15.0,0.0,Finished,0,0,0,0,0,1.2055833333333226,0.4869999999999947,26.0,1.2055833333333226,0.4869999999999947,40,,,,
7,Emilia Romagna Grand Prix,22,TSU,Red Bull Racing,20.0,20.0,,,10.0,1.0,Finished,0,0,0,0,0,0.9779999999999944,0.5339999999999918,24.0,0.9779999999999944,0.5339999999999918,31,,,,
7,Emilia Romagna Grand Prix,23,ALB,Williams,7.0,7.0,75.473,0.8029999999999973,5.0,10.0,Finished,0,0,0,0,0,1.090999999999994,0.3769999999999953,33.0,1.090999999999994,0.3769999999999953,44,,,,
7,Emilia Romagna Grand Prix,27,HUL,Kick Sauber,17.0,17.0,76.518,1.847999999999999,12.0,0.0,Finished,0,0,0,0,0,1.1269999999999951,0.4530000000000029,28.0,1.1269999999999951,0.4530000000000029,33,,,,
7,Emilia Romagna Grand Prix,30,LAW,Racing Bulls,15.0,16.0,76.379,1.7090000000000032,14.0,0.0,Finished,0,0,0,0,0,1.126333333333335,0.7409999999999997,20.0,1.126333333333335,0.7409999999999997,27,,,,
7,Emilia Romagna Grand Prix,31,OCO,Haas F1 Team,18.0,18.0,76.613,1.9429999999999976,20.0,0.0,Retired,0,0,1,1,0,1.01100000000001,1.1170000000000044,19.0,1.01100000000001,1.1170000000000044,24,,,,
7,Emilia Romagna Grand Prix,4,NOR,McLaren,4.0,4.0,74.962,0.2920000000000016,2.0,18.0,Finished,0,0,0,0,0,0.4076499999999896,0.0249999999999914,31.0,0.4076499999999896,0.0,38,,,,
7,Emilia Romagna Grand Prix,43,COL,Alpine,16.0,15.0,76.256,1.5859999999999983,16.0,0.0,Finished,0,0,0,0,0,0.9197499999999934,0.7509999999999906,22.0,0.9197499999999934,0.7509999999999906,27,,,,
7,Emilia Romagna Grand Prix,44,HAM,Ferrari,12.0,12.0,75.765,1.0949999999999989,4.0,12.0,Finished,0,0,0,0,0,0.972999999999999,0.0960000000000036,25.0,0.9185999999999837,0.0960000000000036,36,,,,
7,Emilia Romagna Grand Prix,5,BOR,Kick Sauber,14.0,14.0,76.26,1.5900000000000034,18.0,0.0,Finished,0,0,0,0,0,1.0571999999999946,0.3799999999999954,28.0,1.0571999999999946,0.3799999999999954,35,,,,
7,Emilia Romagna Grand Prix,55,SAI,Williams,6.0,6.0,75.198,0.5279999999999916,8.0,4.0,Finished,0,0,0,0,0,0.6565999999999974,0.0519999999999925,24.0,0.6565999999999974,0.0519999999999925,35,,,,
7,Emilia Romagna Grand Prix,6,HAD,Racing Bulls,9.0,9.0,75.51,0.8400000000000034,9.0,2.0,Finished,0,0,0,0,0,0.5237999999999943,0.4989999999999952,21.0,0.5237999999999943,0.4989999999999952,29,,,,
7,Emilia Romagna Grand Prix,63,RUS,Mercedes,3.0,3.0,74.807,0.1370000000000004,7.0,6.0,Finished,0,0,0,0,0,0.7583999999999946,0.054000000000002,32.0,0.7583999999999946,0.054000000000002,36,,,,
7,Emilia Romagna Grand Prix,81,PIA,McLaren,1.0,1.0,74.67,0.0,3.0,15.0,Finished,1,0,0,0,0,0.0,0.0,34.0,0.0,0.0,45,,,,
7,Emilia Romagna Grand Prix,87,BEA,Haas F1 Team,19.0,16.0,76.918,2.2480000000000047,17.0,0.0,Finished,0,0,0,0,0,1.0645999999999989,0.715999999999994,22.0,1.0645999999999989,0.715999999999994,26,,,,
8,Monaco Grand Prix,1,VER,Red Bull Racing,4.0,5.0,70.669,0.7150000000000034,4.0,12.0,Finished,0,0,0,0,0,1.9283333333333277,0.1629999999999967,36.0,1.9283333333333277,0.1629999999999967,50,,,,
8,Monaco Grand Prix,10,GAS,Alpine,17.0,18.0,71.994,2.0400000000000063,20.0,0.0,Retired,0,0,1,1,0,0.0,0.7049999999999983,46.0,0.0,0.7049999999999983,60,,,,
8,Monaco Grand Prix,12,ANT,Mercedes,15.0,15.0,71.88,1.926000000000002,18.0,0.0,Lapped,0,0,0,0,0,0.0,0.6469999999999914,41.0,0.0,0.6469999999999914,52,,,,
8,Monaco Grand Prix,14,ALO,Aston Martin,6.0,7.0,70.924,0.9700000000000132,19.0,0.0,Retired,0,0,1,0,0,2.649333333333317,0.5349999999999966,34.0,2.649333333333317,0.5349999999999966,47,,,,
8,Monaco Grand Prix,16,LEC,Ferrari,2.0,2.0,70.063,0.1090000000000088,2.0,18.0,Finished,0,0,0,0,0,0.5970833333333303,0.0,41.0,0.5970833333333303,0.0,55,,,,
8,Monaco Grand Prix,18,STR,Aston Martin,19.0,19.0,72.563,2.609000000000009,15.0,0.0,Lapped,0,0,0,0,0,1.5158333333333331,1.1569999999999965,21.0,1.5158333333333331,1.1569999999999965,37,,,,
8,Monaco Grand Prix,22,TSU,Red Bull Racing,12.0,12.0,71.415,1.4610000000000127,17.0,0.0,Lapped,0,0,0,0,0,2.0636666666666628,0.7169999999999987,40.0,2.0636666666666628,0.7169999999999987,54,,,,
8,Monaco Grand Prix,23,ALB,Williams,10.0,10.0,70.732,0.7780000000000058,9.0,2.0,Lapped,0,0,0,0,0,0.9556666666666728,0.3499999999999943,41.0,0.9556666666666728,0.3499999999999943,59,,,,
8,Monaco Grand Prix,27,HUL,Kick Sauber,13.0,13.0,71.596,1.64200000000001,16.0,0.0,Lapped,0,0,0,0,0,1.7235833333333233,0.9069999999999964,39.0,0.4943333333333441,0.9069999999999964,59,,,,
8,Monaco Grand Prix,30,LAW,Racing Bulls,9.0,9.0,71.129,1.1750000000000114,8.0,4.0,Lapped,0,0,0,0,0,2.799166666666679,0.4679999999999893,46.0,2.799166666666679,0.4679999999999893,65,,,,
8,Monaco Grand Prix,31,OCO,Haas F1 Team,8.0,8.0,70.942,0.9879999999999995,7.0,6.0,Lapped,0,0,0,0,0,2.6095333333333173,1.1859999999999928,44.0,2.6095333333333173,1.1859999999999928,62,,,,
8,Monaco Grand Prix,4,NOR,McLaren,1.0,1.0,69.954,0.0,1.0,25.0,Finished,1,1,0,0,1,0.1676666666666761,0.3220000000000027,39.0,0.0,0.2939999999999969,53,,,,
8,Monaco Grand Prix,43,COL,Alpine,18.0,20.0,72.597,2.6430000000000007,13.0,0.0,Lapped,0,0,0,0,0,2.1383333333333354,1.8559999999999943,41.0,2.1383333333333354,1.8559999999999943,63,,,,
8,Monaco Grand Prix,44,HAM,Ferrari,7.0,4.0,70.382,0.4280000000000115,5.0,10.0,Finished,0,0,0,0,0,1.5419999999999874,0.1049999999999897,35.0,1.5419999999999874,0.1049999999999897,53,,,,
8,Monaco Grand Prix,5,BOR,Kick Sauber,16.0,16.0,71.902,1.9480000000000075,14.0,0.0,Lapped,0,0,0,0,0,2.1428333333333285,0.8789999999999907,38.0,2.1428333333333285,0.8789999999999907,58,,,,
8,Monaco Grand Prix,55,SAI,Williams,11.0,11.0,71.362,1.4080000000000013,10.0,1.0,Lapped,0,0,0,0,0,1.3639166666666682,0.5700000000000074,40.0,1.3639166666666682,0.5700000000000074,56,,,,
8,Monaco Grand Prix,6,HAD,Racing Bulls,5.0,6.0,70.923,0.9690000000000084,6.0,8.0,Lapped,0,0,0,0,0,5.401916666666679,0.4869999999999947,37.0,3.0973333333333244,0.4869999999999947,56,,,,
8,Monaco Grand Prix,63,RUS,Mercedes,14.0,14.0,71.507,1.5530000000000117,11.0,0.0,Lapped,0,0,0,0,0,2.6469333333333367,0.5180000000000007,38.0,2.6469333333333367,0.5180000000000007,48,,,,
8,Monaco Grand Prix,81,PIA,McLaren,3.0,3.0,70.129,0.1750000000000113,3.0,15.0,Finished,0,0,0,0,0,2.1186666666666696,0.0379999999999967,33.0,2.1186666666666696,0.0379999999999967,46,,,,
8,Monaco Grand Prix,87,BEA,Haas F1 Team,20.0,17.0,71.979,2.0250000000000057,12.0,0.0,Lapped,0,0,0,0,0,0.8956666666666848,0.9039999999999964,43.0,0.8956666666666848,0.9039999999999964,52,,,,
9,Spanish Grand Prix,1,VER,Red Bull Racing,3.0,3.0,71.848,0.3019999999999925,10.0,1.0,Finished,0,0,0,0,0,0.1313333333333446,0.309999999999988,29.0,0.1313333333333446,0.309999999999988,35,,,,
9,Spanish Grand Prix,10,GAS,Alpine,8.0,8.0,72.199,0.6529999999999916,8.0,4.0,Finished,0,0,0,0,0,1.237333333333325,0.625,30.0,1.237333333333325,0.625,38,,,,
9,Spanish Grand Prix,12,ANT,Mercedes,6.0,6.0,72.111,0.5649999999999977,18.0,0.0,Retired,0,0,1,0,0,1.2846666666666664,0.5379999999999967,39.0,1.2846666666666664,0.5379999999999967,43,,,,
9,Spanish Grand Prix,14,ALO,Aston Martin,10.0,10.0,72.284,0.7379999999999995,9.0,2.0,Finished,0,0,0,0,0,0.0,0.5409999999999968,32.0,0.0,0.5409999999999968,36,,,,
9,Spanish Grand Prix,16,LEC,Ferrari,7.0,7.0,72.131,0.5849999999999937,3.0,15.0,Finished,0,0,0,0,0,0.1393333333333402,0.5,33.0,0.1393333333333402,0.5,41,,,,
9,Spanish Grand Prix,22,TSU,Red Bull Racing,19.0,20.0,73.385,1.8389999999999984,13.0,0.0,Finished,0,0,0,0,0,1.261666666666656,0.9230000000000018,38.0,1.261666666666656,0.9230000000000018,42,,,,
9,Spanish Grand Prix,23,ALB,Williams,11.0,11.0,72.641,1.0949999999999989,19.0,0.0,Retired,0,0,1,1,0,1.8283333333333331,1.0789999999999935,21.0,1.8283333333333331,1.0789999999999935,21,,,,
9,Spanish Grand Prix,27,HUL,Kick Sauber,15.0,16.0,73.19,1.6439999999999912,5.0,10.0,Finished,0,0,0,0,0,1.5480000000000018,0.8319999999999936,29.0,1.5480000000000018,0.8319999999999936,36,,,,
9,Spanish Grand Prix,30,LAW,Racing Bulls,13.0,13.0,72.763,1.2169999999999987,11.0,0.0,Finished,0,0,0,0,0,1.3968666666666678,0.6209999999999951,33.0,1.3968666666666678,0.6209999999999951,39,,,,
9,Spanish Grand Prix,31,OCO,Haas F1 Team,16.0,17.0,73.201,1.654999999999987,16.0,0.0,Finished,0,0,0,0,0,3.218999999999994,1.2449999999999903,16.0,3.218999999999994,1.2449999999999903,21,,,,
9,Spanish Grand Prix,4,NOR,McLaren,2.0,2.0,71.755,0.2089999999999889,2.0,18.0,Finished,0,0,0,0,0,0.0,0.0,36.0,0.0,0.0,41,,,,
9,Spanish Grand Prix,43,COL,Alpine,18.0,19.0,73.334,1.7879999999999967,15.0,0.0,Finished,0,0,0,0,0,1.7466666666666557,1.5429999999999922,26.0,1.7466666666666557,1.5429999999999922,33,,,,
9,Spanish Grand Prix,44,HAM,Ferrari,5.0,5.0,72.045,0.4989999999999952,6.0,8.0,Finished,0,0,0,0,0,0.7263333333333151,0.3780000000000001,32.0,0.7263333333333151,0.3780000000000001,37,,,,
9,Spanish Grand Prix,5,BOR,Kick Sauber,12.0,12.0,72.756,1.2099999999999935,12.0,0.0,Finished,0,0,0,0,0,1.6089166666666728,1.198999999999998,24.0,1.6089166666666728,1.198999999999998,27,,,,
9,Spanish Grand Prix,55,SAI,Williams,17.0,18.0,73.203,1.6569999999999965,14.0,0.0,Finished,0,0,0,0,0,1.4773333333333198,0.9609999999999984,36.0,1.4773333333333198,0.9609999999999984,40,,,,
9,Spanish Grand Prix,6,HAD,Racing Bulls,9.0,9.0,72.252,0.7059999999999889,7.0,6.0,Finished,0,0,0,0,0,1.7013333333333378,0.6400000000000006,27.0,1.7013333333333378,0.6400000000000006,32,,,,
9,Spanish Grand Prix,63,RUS,Mercedes,4.0,4.0,71.848,0.3019999999999925,4.0,12.0,Finished,0,0,0,0,0,0.8243333333333283,0.2860000000000013,45.0,0.8243333333333283,0.2860000000000013,54,,,,
9,Spanish Grand Prix,81,PIA,McLaren,1.0,1.0,71.546,0.0,1.0,25.0,Finished,1,1,0,0,1,0.9703333333333432,0.0,33.0,0.0,0.0,38,,,,
9,Spanish Grand Prix,87,BEA,Haas F1 Team,14.0,15.0,73.074,1.5279999999999916,17.0,0.0,Finished,0,0,0,0,0,1.9306666666666672,0.8789999999999907,29.0,1.9306666666666672,0.8789999999999907,32,,,,
10,Canadian Grand Prix,1,VER,Red Bull Racing,2.0,2.0,71.059,0.1599999999999966,2.0,18.0,Finished,0,0,0,0,0,0.1025999999999953,0.0,39.0,0.1025999999999953,0.0,54,,,,
10,Canadian Grand Prix,10,GAS,Alpine,20.0,20.0,72.667,1.768000000000001,15.0,0.0,Lapped,0,0,0,0,0,0.5655999999999892,0.6239999999999952,45.0,0.5655999999999892,0.6239999999999952,64,,,,
10,Canadian Grand Prix,12,ANT,Mercedes,4.0,4.0,71.391,0.4920000000000044,3.0,15.0,Finished,0,0,0,0,0,0.1983999999999923,0.2879999999999967,40.0,0.1983999999999923,0.2879999999999967,53,,,,
10,Canadian Grand Prix,14,ALO,Aston Martin,6.0,6.0,71.586,0.6869999999999976,7.0,6.0,Finished,0,0,0,0,0,1.1956666666666536,0.3349999999999937,36.0,1.1956666666666536,0.3349999999999937,47,,,,
10,Canadian Grand Prix,16,LEC,Ferrari,8.0,8.0,71.626,0.7270000000000039,5.0,10.0,Finished,0,0,0,0,0,10.386266666666671,0.6920000000000073,6.0,0.0,0.0779999999999887,28,,,,
10,Canadian Grand Prix,18,STR,Aston Martin,17.0,18.0,72.517,1.617999999999995,17.0,0.0,Lapped,0,0,0,0,0,1.8536,1.0100000000000051,15.0,1.8536,0.9949999999999904,34,,,,
10,Canadian Grand Prix,22,TSU,Red Bull Racing,18.0,11.0,72.102,1.203000000000003,12.0,0.0,Lapped,0,0,0,0,0,1.220199999999977,0.7340000000000089,43.0,1.220199999999977,0.7340000000000089,51,,,,
10,Canadian Grand Prix,23,ALB,Williams,9.0,10.0,71.892,0.992999999999995,20.0,0.0,Retired,0,0,1,1,0,0.4173999999999864,0.0390000000000014,46.0,0.4173999999999864,0.0390000000000014,63,,,,
10,Canadian Grand Prix,27,HUL,Kick Sauber,11.0,13.0,72.183,1.284000000000006,8.0,4.0,Finished,0,0,0,0,0,0.3427999999999827,0.7909999999999968,38.0,0.3427999999999827,0.7909999999999968,50,,,,
10,Canadian Grand Prix,30,LAW,Racing Bulls,19.0,19.0,72.525,1.6260000000000048,19.0,0.0,Retired,0,0,1,0,0,1.1965999999999894,0.5439999999999969,40.0,1.1965999999999894,0.5439999999999969,55,,,,
10,Canadian Grand Prix,31,OCO,Haas F1 Team,14.0,15.0,72.378,1.4789999999999992,9.0,2.0,Lapped,0,0,0,0,0,0.7591999999999928,1.0519999999999925,34.0,0.7591999999999928,1.0279999999999916,47,,,,
10,Canadian Grand Prix,4,NOR,McLaren,7.0,7.0,71.599,0.7000000000000028,18.0,0.0,Retired,0,0,1,0,0,0.0,0.0279999999999915,40.0,0.0,0.0,55,,,,
10,Canadian Grand Prix,43,COL,Alpine,10.0,12.0,72.142,1.242999999999995,13.0,0.0,Lapped,0,0,0,0,0,0.7479999999999905,1.4519999999999982,43.0,0.7479999999999905,1.2609999999999957,60,,,,
10,Canadian Grand Prix,44,HAM,Ferrari,5.0,5.0,71.526,0.6269999999999953,6.0,8.0,Finished,0,0,0,0,0,0.4153333333333222,0.4270000000000067,40.0,0.4153333333333222,0.2509999999999905,55,,,,
10,Canadian Grand Prix,5,BOR,Kick Sauber,15.0,16.0,72.385,1.4860000000000042,14.0,0.0,Lapped,0,0,0,0,0,0.9609999999999844,0.7729999999999961,44.0,0.9609999999999844,0.7729999999999961,55,,,,
10,Canadian Grand Prix,55,SAI,Williams,16.0,17.0,72.398,1.4989999999999952,10.0,1.0,Lapped,0,0,0,0,0,0.6489999999999867,0.0820000000000078,49.0,0.6489999999999867,0.0820000000000078,66,,,,
10,Canadian Grand Prix,6,HAD,Racing Bulls,12.0,9.0,71.867,0.9680000000000036,16.0,0.0,Lapped,0,0,0,0,0,0.7753999999999905,0.4380000000000024,38.0,0.7753999999999905,0.4380000000000024,50,,,,
10,Canadian Grand Prix,63,RUS,Mercedes,1.0,1.0,70.899,0.0,1.0,25.0,Finished,1,1,0,0,1,0.0,0.0,38.0,0.0,0.0,50,,,,
10,Canadian Grand Prix,81,PIA,McLaren,3.0,3.0,71.12,0.2210000000000036,4.0,12.0,Finished,0,0,0,0,0,0.1949999999999931,0.4389999999999929,36.0,0.1949999999999931,0.4389999999999929,45,,,,
10,Canadian Grand Prix,87,BEA,Haas F1 Team,13.0,14.0,72.306,1.4069999999999965,11.0,0.0,Lapped,0,0,0,0,0,0.5253333333333217,0.9569999999999936,46.0,0.5253333333333217,0.9569999999999936,64,,,,
11,Austrian Grand Prix,1,VER,Red Bull Racing,7.0,7.0,64.836,0.865000000000002,18.0,0.0,Retired,0,0,1,1,0,0.4975500000000039,0.0649999999999977,35.0,0.255999999999986,0.0649999999999977,53,,,,
11,Austrian Grand Prix,10,GAS,Alpine,10.0,10.0,64.846,0.8750000000000071,13.0,0.0,Lapped,0,0,0,0,0,0.8242000000000189,0.2379999999999995,52.0,0.0,0.2379999999999995,65,,,,
11,Austrian Grand Prix,12,ANT,Mercedes,9.0,9.0,65.052,1.0810000000000102,19.0,0.0,Retired,0,0,1,1,0,0.0,0.5879999999999939,41.0,0.0,0.5879999999999939,46,,,,
11,Austrian Grand Prix,14,ALO,Aston Martin,11.0,11.0,65.128,1.1570000000000036,7.0,6.0,Lapped,0,0,0,0,0,1.0936000000000092,0.6280000000000001,47.0,1.0936000000000092,0.6280000000000001,57,,,,
11,Austrian Grand Prix,16,LEC,Ferrari,2.0,2.0,64.492,0.5210000000000079,3.0,15.0,Finished,0,0,0,0,0,0.3570000000000135,0.6099999999999994,24.0,0.3570000000000135,0.25,30,,,,
11,Austrian Grand Prix,18,STR,Aston Martin,16.0,16.0,65.329,1.357999999999997,14.0,0.0,Lapped,0,0,0,0,0,0.5022000000000162,0.4420000000000073,45.0,0.5022000000000162,0.4420000000000073,55,,,,
11,Austrian Grand Prix,22,TSU,Red Bull Racing,18.0,18.0,65.369,1.3980000000000032,16.0,0.0,Lapped,0,0,0,0,0,1.053200000000004,0.7120000000000033,39.0,1.053200000000004,0.7120000000000033,45,,,,
11,Austrian Grand Prix,23,ALB,Williams,12.0,12.0,65.143,1.172000000000004,17.0,0.0,Retired,0,0,1,0,0,0.5602000000000089,0.4039999999999963,52.0,0.5602000000000089,0.4039999999999963,62,,,,
11,Austrian Grand Prix,27,HUL,Kick Sauber,20.0,20.0,65.606,1.634999999999998,9.0,2.0,Lapped,0,0,0,0,0,0.6504666666666736,0.597999999999999,43.0,0.6504666666666736,0.597999999999999,49,,,,
11,Austrian Grand Prix,30,LAW,Racing Bulls,6.0,6.0,64.926,0.9550000000000054,6.0,8.0,Finished,0,0,0,0,0,0.3416000000000139,0.6469999999999914,45.0,0.3416000000000139,0.6469999999999914,53,,,,
11,Austrian Grand Prix,31,OCO,Haas F1 Team,17.0,17.0,65.364,1.3930000000000078,10.0,1.0,Lapped,0,0,0,0,0,0.8256000000000085,0.9680000000000036,41.0,0.8256000000000085,0.9680000000000036,49,,,,
11,Austrian Grand Prix,4,NOR,McLaren,1.0,1.0,63.971,0.0,1.0,25.0,Finished,1,1,0,0,0,0.0612000000000136,0.0,25.0,0.0612000000000136,0.0,38,,,,
11,Austrian Grand Prix,43,COL,Alpine,14.0,14.0,65.278,1.3070000000000093,15.0,0.0,Lapped,0,0,0,0,0,0.8870000000000005,0.7039999999999935,46.0,0.8870000000000005,0.7039999999999935,59,,,,
11,Austrian Grand Prix,44,HAM,Ferrari,4.0,4.0,64.582,0.6109999999999971,4.0,12.0,Finished,0,0,0,0,0,0.4804666666666719,0.5570000000000022,31.0,0.4804666666666719,0.4660000000000082,45,,,,
11,Austrian Grand Prix,5,BOR,Kick Sauber,8.0,8.0,64.846,0.8750000000000071,8.0,4.0,Lapped,0,0,0,0,0,0.702050000000014,0.3319999999999936,38.0,0.702050000000014,0.3319999999999936,44,,,,
11,Austrian Grand Prix,55,SAI,Williams,19.0,19.0,65.582,1.610999999999997,20.0,0.0,Did not start,0,0,1,1,0,0.5222000000000122,0.4749999999999943,43.0,0.5222000000000122,0.4749999999999943,51,,,,
11,Austrian Grand Prix,6,HAD,Racing Bulls,13.0,13.0,65.063,1.092000000000006,12.0,0.0,Lapped,0,0,0,0,0,1.1698000000000093,0.5679999999999978,47.0,1.1698000000000093,0.5679999999999978,56,,,,
11,Austrian Grand Prix,63,RUS,Mercedes,5.0,5.0,64.763,0.7920000000000087,5.0,10.0,Finished,0,0,0,0,0,0.4520000000000124,0.0,45.0,0.4520000000000124,0.0,49,,,,
11,Austrian Grand Prix,81,PIA,McLaren,3.0,3.0,64.554,0.5830000000000055,2.0,18.0,Finished,0,0,0,0,1,0.3410000000000082,0.1550000000000011,47.0,0.3410000000000082,0.117999999999995,55,,,,
11,Austrian Grand Prix,87,BEA,Haas F1 Team,15.0,15.0,65.218,1.247000000000007,11.0,0.0,Lapped,0,0,0,0,0,0.7480000000000047,1.195999999999998,42.0,0.7480000000000047,1.195999999999998,47,,,,
12,British Grand Prix,1,VER,Red Bull Racing,1.0,1.0,84.892,0.0,5.0,10.0,Finished,1,0,0,0,0,0.0,0.4979999999999904,29.0,0.0,0.086999999999989,33,,,,
12,British Grand Prix,10,GAS,Alpine,8.0,10.0,85.711,0.8190000000000026,6.0,8.0,Finished,0,0,0,0,0,3.479666666666674,1.358000000000004,21.0,3.479666666666674,1.358000000000004,29,,,,
12,British Grand Prix,12,ANT,Mercedes,10.0,7.0,85.374,0.4819999999999993,16.0,0.0,Retired,0,0,1,0,0,1.032666666666671,0.4750000000000085,30.0,1.032666666666671,0.4750000000000085,33,,,,
12,British Grand Prix,14,ALO,Aston Martin,7.0,9.0,85.593,0.7010000000000076,9.0,2.0,Finished,0,0,0,0,0,1.7182666666666648,0.8050000000000068,29.0,1.7182666666666648,0.8050000000000068,35,,,,
12,British Grand Prix,16,LEC,Ferrari,6.0,6.0,85.121,0.2289999999999992,14.0,0.0,Finished,0,0,0,0,0,0.0,0.2030000000000029,30.0,0.0,0.0,35,,,,
12,British Grand Prix,18,STR,Aston Martin,17.0,18.0,86.504,1.612000000000009,7.0,6.0,Finished,0,0,0,0,0,1.551333333333332,0.6140000000000043,27.0,1.551333333333332,0.6140000000000043,32,,,,
12,British Grand Prix,22,TSU,Red Bull Racing,11.0,12.0,85.826,0.9339999999999976,15.0,0.0,Lapped,0,0,0,0,0,2.2562666666666615,1.1640000000000017,14.0,2.2562666666666615,0.6059999999999945,20,,,,
12,British Grand Prix,23,ALB,Williams,13.0,14.0,85.889,0.997,8.0,4.0,Finished,0,0,0,0,0,1.469666666666669,0.4120000000000061,37.0,1.469666666666669,0.4120000000000061,44,,,,
12,British Grand Prix,27,HUL,Kick Sauber,19.0,19.0,86.574,1.6820000000000022,3.0,15.0,Finished,0,0,0,0,0,1.548333333333332,1.3490000000000038,21.0,0.933400000000006,1.0009999999999906,31,,,,
12,British Grand Prix,30,LAW,Racing Bulls,15.0,16.0,86.44,1.5480000000000018,19.0,0.0,Retired,0,0,1,1,0,1.6244666666666632,0.4590000000000032,36.0,1.6244666666666632,0.4590000000000032,42,,,,
12,British Grand Prix,31,OCO,Haas F1 Team,14.0,15.0,85.95,1.058000000000007,13.0,0.0,Finished,0,0,0,0,0,2.2290000000000134,1.125,22.0,2.2290000000000134,0.8789999999999907,27,,,,
12,British Grand Prix,4,NOR,McLaren,3.0,3.0,85.01,0.1180000000000092,1.0,25.0,Finished,0,1,0,0,0,0.7553333333333399,0.0,32.0,0.7553333333333399,0.0,41,,,,
12,British Grand Prix,43,COL,Alpine,20.0,20.0,87.06,2.1680000000000064,20.0,0.0,Did not start,0,0,1,1,0,1.3556666666666644,1.1940000000000026,32.0,1.3556666666666644,1.1940000000000026,37,,,,
12,British Grand Prix,44,HAM,Ferrari,5.0,5.0,85.084,0.1920000000000072,4.0,12.0,Finished,0,0,0,0,0,0.0089999999999861,0.0,30.0,0.0089999999999861,0.0,37,,,,
12,British Grand Prix,5,BOR,Kick Sauber,16.0,17.0,86.446,1.554000000000002,18.0,0.0,Retired,0,0,1,0,0,1.9390000000000072,1.087999999999994,31.0,1.9390000000000072,1.003,35,,,,
12,British Grand Prix,55,SAI,Williams,9.0,11.0,85.746,0.8539999999999992,12.0,0.0,Finished,0,0,0,0,0,1.6710000000000207,1.01700000000001,32.0,1.6710000000000207,0.833999999999989,40,,,,
12,British Grand Prix,6,HAD,Racing Bulls,12.0,13.0,85.864,0.9720000000000084,17.0,0.0,Retired,0,0,1,0,0,1.772266666666681,0.3250000000000028,37.0,1.772266666666681,0.3250000000000028,44,,,,
12,British Grand Prix,63,RUS,Mercedes,4.0,4.0,85.029,0.1370000000000004,10.0,1.0,Finished,0,0,0,0,0,1.2060666666666862,0.2710000000000008,32.0,1.2060666666666862,0.2710000000000008,35,,,,
12,British Grand Prix,81,PIA,McLaren,2.0,2.0,84.995,0.1030000000000086,2.0,18.0,Finished,0,0,0,0,1,0.9780666666666776,0.1500000000000056,33.0,0.0,0.0679999999999978,39,,,,
12,British Grand Prix,87,BEA,Haas F1 Team,18.0,8.0,85.471,0.5790000000000077,11.0,0.0,Finished,0,0,0,0,0,1.6486666666666565,1.2550000000000097,26.0,1.6486666666666565,0.6139999999999901,30,,,,
13,Belgian Grand Prix,1,VER,Red Bull Racing,4.0,4.0,100.903,0.3410000000000082,4.0,12.0,Finished,0,0,0,0,0,2.8691333333333375,0.4039999999999963,10.0,2.8691333333333375,0.4039999999999963,10,2.0,0.477,1.0,1.0
13,Belgian Grand Prix,10,GAS,Alpine,13.0,13.0,101.633,1.070999999999998,10.0,1.0,Finished,0,0,0,0,0,1.4623333333333337,1.9069999999999965,8.0,1.4623333333333337,1.9069999999999965,8,9.0,1.439,20.0,-12.0
13,Belgian Grand Prix,12,ANT,Mercedes,19.0,18.0,102.139,1.5769999999999982,16.0,0.0,Finished,0,0,0,0,1,1.9791333333333228,0.9569999999999936,15.0,1.9791333333333228,0.9569999999999936,15,20.0,4.884,17.0,2.0
13,Belgian Grand Prix,14,ALO,Aston Martin,20.0,19.0,102.385,1.8230000000000075,17.0,0.0,Finished,0,0,0,0,0,1.3531333333333464,1.097999999999999,12.0,1.3531333333333464,1.097999999999999,12,14.0,1.917,14.0,0.0
13,Belgian Grand Prix,16,LEC,Ferrari,3.0,3.0,100.9,0.338000000000008,3.0,15.0,Finished,0,0,0,0,0,5.650999999999996,0.9059999999999916,12.0,5.650999999999996,0.9059999999999916,12,4.0,0.768,4.0,0.0
13,Belgian Grand Prix,18,STR,Aston Martin,16.0,20.0,102.502,1.9399999999999975,14.0,0.0,Finished,0,0,0,0,0,8.863933333333321,1.0899999999999892,7.0,8.863933333333321,1.0899999999999892,7,15.0,2.226,13.0,2.0
13,Belgian Grand Prix,22,TSU,Red Bull Racing,7.0,7.0,101.245,0.6830000000000069,13.0,0.0,Finished,0,0,0,0,0,3.1523333333333454,2.469999999999999,10.0,3.1523333333333454,2.469999999999999,10,12.0,1.674,11.0,1.0
13,Belgian Grand Prix,23,ALB,Williams,5.0,5.0,101.201,0.6389999999999958,6.0,8.0,Finished,0,0,0,0,0,2.195133333333331,1.23899999999999,13.0,2.195133333333331,1.23899999999999,13,16.0,2.702,16.0,0.0
13,Belgian Grand Prix,27,HUL,Kick Sauber,14.0,14.0,101.707,1.144999999999996,12.0,0.0,Finished,0,0,0,0,0,5.936133333333316,1.4479999999999933,9.0,5.936133333333316,1.4479999999999933,9,17.0,2.707,18.0,-1.0
13,Belgian Grand Prix,30,LAW,Racing Bulls,9.0,9.0,101.297,0.7349999999999994,8.0,4.0,Finished,0,0,0,0,0,2.572333333333333,1.4559999999999889,11.0,2.572333333333333,1.4559999999999889,11,11.0,1.659,10.0,1.0
13,Belgian Grand Prix,31,OCO,Haas F1 Team,11.0,11.0,101.525,0.963000000000008,15.0,0.0,Finished,0,0,0,0,0,0.1783333333333274,2.2809999999999917,10.0,0.1783333333333274,2.2809999999999917,10,5.0,1.055,5.0,0.0
13,Belgian Grand Prix,4,NOR,McLaren,1.0,1.0,100.562,0.0,2.0,18.0,Finished,1,0,0,0,0,0.0,0.5039999999999907,12.0,0.0,0.5039999999999907,12,3.0,0.618,3.0,0.0
13,Belgian Grand Prix,43,COL,Alpine,15.0,17.0,102.022,1.460000000000008,19.0,0.0,Finished,0,0,0,0,0,4.077333333333328,2.8249999999999886,8.0,4.077333333333328,2.8249999999999886,8,19.0,3.077,19.0,1.0
13,Belgian Grand Prix,44,HAM,Ferrari,18.0,16.0,101.939,1.3769999999999951,7.0,6.0,Finished,0,0,0,0,0,6.51273333333333,1.0629999999999882,13.0,6.51273333333333,1.0629999999999882,13,18.0,2.898,15.0,3.0
13,Belgian Grand Prix,5,BOR,Kick Sauber,10.0,10.0,101.336,0.7740000000000009,9.0,2.0,Finished,0,0,0,0,0,1.6345833333333246,1.2399999999999949,12.0,1.6345833333333246,1.2399999999999949,12,8.0,1.391,9.0,1.0
13,Belgian Grand Prix,55,SAI,Williams,17.0,15.0,101.691,1.1290000000000049,18.0,0.0,Finished,0,0,0,0,0,0.2980833333333237,1.1949999999999932,6.0,0.2980833333333237,1.1949999999999932,6,6.0,1.251,6.0,0.0
13,Belgian Grand Prix,6,HAD,Racing Bulls,8.0,8.0,101.281,0.7190000000000083,20.0,0.0,Lapped,0,0,0,0,0,2.8776666666666557,1.0999999999999943,9.0,2.8776666666666557,1.0999999999999943,9,10.0,1.461,8.0,1.0
13,Belgian Grand Prix,63,RUS,Mercedes,6.0,6.0,101.254,0.6920000000000073,5.0,10.0,Finished,0,0,0,0,0,0.6533333333333218,0.5759999999999934,14.0,0.6533333333333218,0.5759999999999934,14,13.0,1.82,12.0,1.0
13,Belgian Grand Prix,81,PIA,McLaren,2.0,2.0,100.626,0.0640000000000071,1.0,25.0,Finished,0,1,0,0,0,0.1273333333333397,0.0,12.0,0.1273333333333397,0.0,12,1.0,0.0,2.0,-1.0
13,Belgian Grand Prix,87,BEA,Haas F1 Team,12.0,12.0,101.617,1.0550000000000068,11.0,0.0,Finished,0,0,0,0,0,0.6368333333333283,3.0549999999999926,10.0,0.6368333333333283,3.0549999999999926,10,7.0,1.347,7.0,0.0
14,Hungarian Grand Prix,1,VER,Red Bull Racing,8.0,8.0,75.547,0.6569999999999965,9.0,2.0,Finished,0,0,0,0,0,1.1284000000000134,0.8689999999999998,32.0,0.4655999999999949,0.8689999999999998,45,,,,
14,Hungarian Grand Prix,10,GAS,Alpine,16.0,17.0,75.966,1.0759999999999934,19.0,0.0,Lapped,0,0,0,0,0,1.1940000000000026,1.0520000000000067,32.0,1.0438000000000045,1.0520000000000067,44,,,,
14,Hungarian Grand Prix,12,ANT,Mercedes,15.0,15.0,75.782,0.8919999999999959,10.0,1.0,Lapped,0,0,0,0,0,0.3742500000000035,0.8089999999999975,25.0,0.3742500000000035,0.8089999999999975,32,,,,
14,Hungarian Grand Prix,14,ALO,Aston Martin,5.0,5.0,75.281,0.3910000000000053,5.0,10.0,Finished,0,0,0,0,0,0.3006666666666717,0.6090000000000089,15.0,0.3006666666666717,0.6090000000000089,22,,,,
14,Hungarian Grand Prix,16,LEC,Ferrari,1.0,1.0,75.372,0.4819999999999993,4.0,12.0,Finished,1,0,0,0,0,0.0,0.1980000000000075,31.0,0.0,0.1980000000000075,37,,,,
14,Hungarian Grand Prix,18,STR,Aston Martin,6.0,6.0,75.129,0.2390000000000043,7.0,6.0,Finished,0,0,0,0,0,0.886400000000009,0.4950000000000045,37.0,0.886400000000009,0.4950000000000045,46,,,,
14,Hungarian Grand Prix,22,TSU,Red Bull Racing,20.0,16.0,75.899,1.0090000000000003,17.0,0.0,Lapped,0,0,0,0,0,1.518000000000001,0.8610000000000042,34.0,0.8417999999999921,0.8610000000000042,47,,,,
14,Hungarian Grand Prix,23,ALB,Williams,19.0,20.0,76.223,1.3329999999999984,15.0,0.0,Lapped,0,0,0,0,0,0.646333333333331,0.9129999999999968,34.0,0.646333333333331,0.9129999999999968,43,,,,
14,Hungarian Grand Prix,27,HUL,Kick Sauber,18.0,19.0,76.081,1.1910000000000025,13.0,0.0,Lapped,0,0,0,0,0,0.2743999999999857,1.0560000000000116,17.0,0.0,1.0560000000000116,28,,,,
14,Hungarian Grand Prix,30,LAW,Racing Bulls,9.0,9.0,75.63,0.7399999999999949,8.0,4.0,Finished,0,0,0,0,0,0.76400000000001,1.1129999999999995,35.0,0.76400000000001,1.1129999999999995,41,,,,
14,Hungarian Grand Prix,31,OCO,Haas F1 Team,17.0,18.0,76.023,1.1329999999999956,16.0,0.0,Lapped,0,0,0,0,0,1.029666666666671,0.9330000000000068,35.0,1.029666666666671,0.9330000000000068,43,,,,
14,Hungarian Grand Prix,4,NOR,McLaren,3.0,3.0,74.89,0.0,1.0,25.0,Finished,0,1,0,0,0,0.0,0.0,32.0,0.0,0.0,39,,,,
14,Hungarian Grand Prix,43,COL,Alpine,14.0,14.0,75.875,0.9849999999999994,18.0,0.0,Lapped,0,0,0,0,0,0.536666666666676,1.393000000000001,33.0,0.536666666666676,1.331000000000003,42,,,,
14,Hungarian Grand Prix,44,HAM,Ferrari,12.0,12.0,75.702,0.8119999999999976,12.0,0.0,Lapped,0,0,0,0,0,0.7000000000000028,0.6629999999999967,29.0,0.7000000000000028,0.6629999999999967,39,,,,
14,Hungarian Grand Prix,5,BOR,Kick Sauber,7.0,7.0,75.586,0.695999999999998,6.0,8.0,Finished,0,0,0,0,0,0.554000000000002,1.3220000000000027,29.0,0.554000000000002,1.0619999999999976,38,,,,
14,Hungarian Grand Prix,55,SAI,Williams,13.0,13.0,75.652,0.7620000000000005,14.0,0.0,Lapped,0,0,0,0,0,0.6966000000000037,1.1239999999999952,45.0,0.6966000000000037,1.1239999999999952,55,,,,
14,Hungarian Grand Prix,6,HAD,Racing Bulls,10.0,10.0,75.469,0.5789999999999935,11.0,0.0,Lapped,0,0,0,0,0,1.2077500000000043,0.6099999999999994,39.0,1.2077500000000043,0.6099999999999994,46,,,,
14,Hungarian Grand Prix,63,RUS,Mercedes,4.0,4.0,75.201,0.3109999999999928,3.0,15.0,Finished,0,0,0,0,1,0.3410000000000082,0.7930000000000064,24.0,0.3410000000000082,0.7930000000000064,29,,,,
14,Hungarian Grand Prix,81,PIA,McLaren,2.0,2.0,74.941,0.0510000000000019,2.0,18.0,Finished,0,0,0,0,0,0.3406666666666638,0.0,32.0,0.3406666666666638,0.0,38,,,,
14,Hungarian Grand Prix,87,BEA,Haas F1 Team,11.0,11.0,75.694,0.804000000000002,20.0,0.0,Retired,0,0,1,1,0,1.3682500000000033,0.8070000000000022,31.0,1.3682500000000033,0.8070000000000022,35,,,,
15,Dutch Grand Prix,1,VER,Red Bull Racing,3.0,3.0,68.925,0.262999999999991,2.0,18.0,Finished,0,0,0,0,0,0.7357999999999834,0.5879999999999939,27.0,0.7357999999999834,0.5879999999999939,35,,,,
15,Dutch Grand Prix,10,GAS,Alpine,14.0,14.0,69.637,0.9749999999999944,17.0,0.0,Finished,0,0,0,0,0,1.4369999999999976,1.3349999999999935,34.0,1.4369999999999976,1.3349999999999935,52,,,,
15,Dutch Grand Prix,12,ANT,Mercedes,11.0,11.0,69.493,0.8309999999999889,16.0,0.0,Finished,0,0,0,0,0,14.458916666666653,1.2950000000000017,9.0,0.0,1.2950000000000017,27,,,,
15,Dutch Grand Prix,14,ALO,Aston Martin,10.0,10.0,69.366,0.7039999999999935,8.0,4.0,Finished,0,0,0,0,0,0.35745,0.0870000000000033,25.0,0.35745,0.0870000000000033,39,,,,
15,Dutch Grand Prix,16,LEC,Ferrari,6.0,6.0,69.304,0.6419999999999959,19.0,0.0,Retired,0,0,1,0,0,0.8375333333333259,0.9440000000000026,33.0,0.8375333333333259,0.9440000000000026,45,,,,
15,Dutch Grand Prix,18,STR,Aston Martin,19.0,20.0,,,7.0,6.0,Finished,0,0,0,0,0,0.6505333333333141,0.5009999999999906,17.0,0.6505333333333141,0.5009999999999906,32,,,,
15,Dutch Grand Prix,22,TSU,Red Bull Racing,12.0,12.0,69.622,0.9599999999999936,9.0,2.0,Finished,0,0,0,0,0,1.1021999999999963,0.9050000000000012,32.0,1.1021999999999963,0.9050000000000012,45,,,,
15,Dutch Grand Prix,23,ALB,Williams,15.0,15.0,69.652,0.9899999999999948,5.0,10.0,Finished,0,0,0,0,0,0.7038666666666558,0.8930000000000007,24.0,0.7038666666666558,0.8930000000000007,39,,,,
15,Dutch Grand Prix,27,HUL,Kick Sauber,17.0,17.0,70.195,1.532999999999987,14.0,0.0,Finished,0,0,0,0,0,0.8589999999999804,1.1899999999999975,33.0,0.8589999999999804,1.1899999999999975,47,,,,
15,Dutch Grand Prix,30,LAW,Racing Bulls,8.0,8.0,69.383,0.7209999999999894,12.0,0.0,Finished,0,0,0,0,0,1.2283333333333246,1.448999999999998,30.0,1.2283333333333246,1.328000000000003,39,,,,
15,Dutch Grand Prix,31,OCO,Haas F1 Team,18.0,18.0,70.197,1.5349999999999966,10.0,1.0,Finished,0,0,0,0,0,1.0135999999999967,1.4710000000000036,29.0,1.0135999999999967,1.4710000000000036,37,,,,
15,Dutch Grand Prix,4,NOR,McLaren,2.0,2.0,68.674,0.0120000000000004,18.0,0.0,Retired,0,0,1,0,0,0.0,0.0,36.0,0.0,0.0,41,,,,
15,Dutch Grand Prix,43,COL,Alpine,16.0,16.0,70.104,1.441999999999993,11.0,0.0,Finished,0,0,0,0,0,0.0,1.066999999999993,28.0,0.0,1.066999999999993,42,,,,
15,Dutch Grand Prix,44,HAM,Ferrari,7.0,7.0,69.261,0.5989999999999895,20.0,0.0,Retired,0,0,1,1,0,0.7875333333333145,0.847999999999999,28.0,0.7875333333333145,0.847999999999999,37,,,,
15,Dutch Grand Prix,5,BOR,Kick Sauber,13.0,13.0,69.622,0.9599999999999936,15.0,0.0,Finished,0,0,0,0,0,1.1465999999999923,1.2309999999999943,30.0,1.1465999999999923,1.2309999999999943,39,,,,
15,Dutch Grand Prix,55,SAI,Williams,9.0,9.0,69.472,0.8099999999999881,13.0,0.0,Finished,0,0,0,0,0,0.3375333333333259,1.1799999999999926,36.0,0.3375333333333259,0.9410000000000024,54,,,,
15,Dutch Grand Prix,6,HAD,Racing Bulls,4.0,4.0,69.208,0.5459999999999923,3.0,15.0,Finished,0,0,0,0,0,1.042199999999994,1.4939999999999998,18.0,1.042199999999994,1.1940000000000026,28,,,,
15,Dutch Grand Prix,63,RUS,Mercedes,5.0,5.0,69.255,0.5929999999999893,4.0,12.0,Finished,0,0,0,0,0,0.6123999999999796,0.3840000000000003,32.0,0.6123999999999796,0.3840000000000003,41,,,,
15,Dutch Grand Prix,81,PIA,McLaren,1.0,1.0,68.662,0.0,1.0,25.0,Finished,1,1,0,0,1,0.7598666666666674,0.0889999999999986,34.0,0.7598666666666674,0.0889999999999986,40,,,,
15,Dutch Grand Prix,87,BEA,Haas F1 Team,20.0,19.0,70.262,1.5999999999999943,6.0,8.0,Finished,0,0,0,0,0,0.9111666666666594,1.222999999999999,36.0,0.9111666666666594,1.222999999999999,44,,,,
16,Italian Grand Prix,1,VER,Red Bull Racing,1.0,1.0,78.792,0.0,1.0,25.0,Finished,1,1,0,0,0,0.2231999999999914,0.198999999999998,26.0,0.2231999999999914,0.1670000000000016,33,,,,
16,Italian Grand Prix,10,GAS,Alpine,20.0,19.0,80.103,1.3109999999999928,16.0,0.0,Lapped,0,0,0,0,0,0.8161999999999949,1.2240000000000038,31.0,0.0,0.9159999999999968,45,,,,
16,Italian Grand Prix,12,ANT,Mercedes,6.0,7.0,79.2,0.4080000000000012,9.0,2.0,Finished,0,0,0,0,0,20.049999999999997,0.8229999999999933,11.0,1.1724666666666792,0.3649999999999949,25,,,,
16,Italian Grand Prix,14,ALO,Aston Martin,8.0,9.0,79.362,0.5699999999999932,19.0,0.0,Retired,0,0,1,0,0,1.2013999999999925,0.7669999999999959,25.0,1.2013999999999925,0.5300000000000011,34,,,,
16,Italian Grand Prix,16,LEC,Ferrari,4.0,4.0,79.007,0.2150000000000034,4.0,12.0,Finished,0,0,0,0,0,1.5036000000000058,0.0829999999999984,32.0,1.5036000000000058,0.0210000000000007,45,,,,
16,Italian Grand Prix,18,STR,Aston Martin,16.0,17.0,79.948,1.1559999999999917,18.0,0.0,Lapped,0,0,0,0,0,1.0307499999999976,0.6500000000000057,34.0,1.0307499999999976,0.6500000000000057,46,,,,
16,Italian Grand Prix,22,TSU,Red Bull Racing,9.0,10.0,79.433,0.6410000000000053,13.0,0.0,Finished,0,0,0,0,0,1.1971999999999952,0.3910000000000053,27.0,0.675066666666666,0.3910000000000053,42,,,,
16,Italian Grand Prix,23,ALB,Williams,14.0,14.0,79.583,0.7909999999999968,7.0,6.0,Finished,0,0,0,0,0,0.6112000000000108,0.3010000000000019,30.0,0.6112000000000108,0.3010000000000019,42,,,,
16,Italian Grand Prix,27,HUL,Kick Sauber,12.0,12.0,79.498,0.7060000000000031,20.0,0.0,Did not start,0,0,1,1,0,0.5638000000000005,0.3629999999999995,25.0,0.5638000000000005,0.3629999999999995,32,,,,
16,Italian Grand Prix,30,LAW,Racing Bulls,18.0,20.0,80.279,1.4869999999999948,14.0,0.0,Finished,0,0,0,0,0,0.7283999999999935,0.9330000000000068,26.0,0.7283999999999935,0.8010000000000019,32,,,,
16,Italian Grand Prix,31,OCO,Haas F1 Team,15.0,15.0,79.707,0.914999999999992,15.0,0.0,Lapped,0,0,0,0,0,0.7337500000000006,0.7759999999999962,28.0,0.7337500000000006,0.7759999999999962,38,,,,
16,Italian Grand Prix,4,NOR,McLaren,2.0,2.0,78.869,0.0769999999999981,2.0,18.0,Finished,0,0,0,0,1,0.0,0.0,35.0,0.0,0.0,48,,,,
16,Italian Grand Prix,43,COL,Alpine,17.0,18.0,79.992,1.2000000000000028,17.0,0.0,Lapped,0,0,0,0,0,1.1287999999999982,1.6859999999999928,19.0,1.1287999999999982,0.703000000000003,32,,,,
16,Italian Grand Prix,44,HAM,Ferrari,10.0,5.0,79.124,0.3319999999999936,6.0,8.0,Finished,0,0,0,0,0,0.5847999999999871,0.0,22.0,0.5847999999999871,0.0,32,,,,
16,Italian Grand Prix,5,BOR,Kick Sauber,7.0,8.0,79.323,0.5309999999999917,8.0,4.0,Finished,0,0,0,0,0,0.5480000000000018,0.5969999999999942,19.0,0.5480000000000018,0.2270000000000038,25,,,,
16,Italian Grand Prix,55,SAI,Williams,13.0,13.0,79.528,0.7360000000000042,11.0,0.0,Finished,0,0,0,0,0,0.2861999999999938,0.0960000000000036,28.0,0.2861999999999938,0.0960000000000036,42,,,,
16,Italian Grand Prix,6,HAD,Racing Bulls,19.0,16.0,79.917,1.125,10.0,1.0,Finished,0,0,0,0,0,0.8151999999999902,0.5049999999999955,26.0,0.8151999999999902,0.2719999999999913,34,,,,
16,Italian Grand Prix,63,RUS,Mercedes,5.0,6.0,79.157,0.3649999999999949,5.0,10.0,Finished,0,0,0,0,0,0.4932000000000016,0.3979999999999961,25.0,0.4932000000000016,0.1839999999999975,31,,,,
16,Italian Grand Prix,81,PIA,McLaren,3.0,3.0,78.982,0.1899999999999977,3.0,15.0,Finished,0,0,0,0,0,0.3392000000000053,0.1809999999999973,18.0,0.3392000000000053,0.164999999999992,32,,,,
16,Italian Grand Prix,87,BEA,Haas F1 Team,11.0,11.0,79.446,0.6539999999999964,12.0,0.0,Finished,0,0,0,0,0,1.2434999999999974,0.7289999999999992,31.0,1.2434999999999974,0.7289999999999992,42,,,,
17,Azerbaijan Grand Prix,1,VER,Red Bull Racing,1.0,1.0,101.117,0.0,1.0,25.0,Finished,1,1,0,0,1,4.544333333333327,0.6089999999999947,7.0,4.544333333333327,0.6089999999999947,7,,,,
17,Azerbaijan Grand Prix,10,GAS,Alpine,18.0,18.0,103.139,2.0219999999999914,18.0,0.0,Lapped,0,0,0,0,0,14.311000000000009,1.3810000000000002,11.0,14.311000000000009,1.3810000000000002,11,,,,
17,Azerbaijan Grand Prix,12,ANT,Mercedes,4.0,4.0,101.464,0.3469999999999942,4.0,12.0,Finished,0,0,0,0,0,4.88933333333334,0.48599999999999,8.0,4.88933333333334,0.48599999999999,8,,,,
17,Azerbaijan Grand Prix,14,ALO,Aston Martin,11.0,11.0,101.857,0.7399999999999949,15.0,0.0,Finished,0,0,0,0,0,6.864666666666665,1.532000000000011,12.0,6.864666666666665,1.532000000000011,12,,,,
17,Azerbaijan Grand Prix,16,LEC,Ferrari,10.0,10.0,101.458,0.340999999999994,9.0,2.0,Finished,0,0,0,0,0,4.069000000000003,0.073999999999998,10.0,4.069000000000003,0.073999999999998,10,,,,
17,Azerbaijan Grand Prix,18,STR,Aston Martin,14.0,14.0,102.101,0.9839999999999948,17.0,0.0,Finished,0,0,0,0,0,5.935666666666677,1.4779999999999944,12.0,5.935666666666677,1.4779999999999944,12,,,,
17,Azerbaijan Grand Prix,22,TSU,Red Bull Racing,6.0,6.0,101.788,0.6709999999999923,6.0,8.0,Finished,0,0,0,0,0,4.7336666666666645,1.1509999999999962,7.0,4.7336666666666645,1.1509999999999962,7,,,,
17,Azerbaijan Grand Prix,23,ALB,Williams,19.0,19.0,103.778,2.661000000000002,13.0,0.0,Finished,0,0,0,0,0,5.425866666666664,1.093999999999994,11.0,5.425866666666664,1.093999999999994,11,,,,
17,Azerbaijan Grand Prix,27,HUL,Kick Sauber,17.0,17.0,102.916,1.7989999999999924,16.0,0.0,Finished,0,0,0,0,0,1.399333333333331,1.282000000000011,13.0,1.399333333333331,1.282000000000011,13,,,,
17,Azerbaijan Grand Prix,30,LAW,Racing Bulls,3.0,3.0,101.537,0.4200000000000017,5.0,10.0,Finished,0,0,0,0,0,4.996000000000009,1.3629999999999995,8.0,4.996000000000009,1.3629999999999995,8,,,,
17,Azerbaijan Grand Prix,31,OCO,Haas F1 Team,20.0,20.0,,,14.0,0.0,Finished,0,0,0,0,0,4.899333333333331,0.8739999999999952,8.0,4.899333333333331,0.8739999999999952,8,,,,
17,Azerbaijan Grand Prix,4,NOR,McLaren,7.0,7.0,101.322,0.2049999999999983,7.0,6.0,Finished,0,0,0,0,0,0.0,0.0,4.0,0.0,0.0,4,,,,
17,Azerbaijan Grand Prix,43,COL,Alpine,16.0,16.0,102.779,1.661999999999992,19.0,0.0,Lapped,0,0,0,0,0,6.035333333333341,2.035999999999987,9.0,6.035333333333341,2.035999999999987,9,,,,
17,Azerbaijan Grand Prix,44,HAM,Ferrari,12.0,12.0,101.821,0.7039999999999935,8.0,4.0,Finished,0,0,0,0,0,0.0,0.0,9.0,0.0,0.0,9,,,,
17,Azerbaijan Grand Prix,5,BOR,Kick Sauber,13.0,13.0,102.277,1.1599999999999966,11.0,0.0,Finished,0,0,0,0,0,2.778000000000006,1.268000000000001,10.0,2.778000000000006,1.268000000000001,10,,,,
17,Azerbaijan Grand Prix,55,SAI,Williams,2.0,2.0,101.595,0.4779999999999944,3.0,15.0,Finished,0,0,0,0,0,4.493466666666663,0.9619999999999892,12.0,4.493466666666663,0.9619999999999892,12,,,,
17,Azerbaijan Grand Prix,6,HAD,Racing Bulls,8.0,8.0,101.647,0.5300000000000011,10.0,1.0,Finished,0,0,0,0,0,5.798666666666676,1.1499999999999917,8.0,5.798666666666676,1.1499999999999917,8,,,,
17,Azerbaijan Grand Prix,63,RUS,Mercedes,5.0,5.0,101.455,0.3379999999999938,2.0,18.0,Finished,0,0,0,0,0,12.13433333333333,0.5530000000000115,8.0,12.13433333333333,0.5530000000000115,8,,,,
17,Azerbaijan Grand Prix,81,PIA,McLaren,9.0,9.0,101.414,0.296999999999997,20.0,0.0,Retired,0,0,1,1,0,4.4623333333333335,1.0019999999999951,8.0,4.4623333333333335,1.0019999999999951,8,,,,
17,Azerbaijan Grand Prix,87,BEA,Haas F1 Team,15.0,15.0,102.666,1.5489999999999924,12.0,0.0,Finished,0,0,0,0,0,4.841333333333338,0.597999999999999,11.0,4.841333333333338,0.597999999999999,11,,,,
18,Singapore Grand Prix,1,VER,Red Bull Racing,2.0,2.0,89.34,0.1820000000000021,2.0,18.0,Finished,0,0,0,0,0,2.7552499999999895,0.2759999999999962,19.0,2.7552499999999895,0.0,24,,,,
18,Singapore Grand Prix,10,GAS,Alpine,19.0,18.0,91.261,2.1029999999999944,19.0,0.0,Lapped,0,0,0,0,0,3.3142500000000013,1.2620000000000005,18.0,3.3142500000000013,1.2620000000000005,25,,,,
18,Singapore Grand Prix,12,ANT,Mercedes,4.0,4.0,89.537,0.3790000000000049,5.0,10.0,Finished,0,0,0,0,0,1.0835000000000008,1.2830000000000013,18.0,1.0835000000000008,0.0889999999999986,23,,,,
18,Singapore Grand Prix,14,ALO,Aston Martin,10.0,10.0,89.955,0.796999999999997,7.0,6.0,Finished,0,0,0,0,0,10.88891666666666,0.0,23.0,3.9590000000000174,0.0,30,,,,
18,Singapore Grand Prix,16,LEC,Ferrari,7.0,7.0,89.784,0.6260000000000048,6.0,8.0,Finished,0,0,0,0,0,3.743849999999995,0.1500000000000056,18.0,2.88333333333334,0.1500000000000056,27,,,,
18,Singapore Grand Prix,18,STR,Aston Martin,15.0,15.0,90.949,1.7909999999999968,13.0,0.0,Lapped,0,0,0,0,0,0.8753333333333302,0.5079999999999956,19.0,0.1903333333333421,0.5079999999999956,26,,,,
18,Singapore Grand Prix,22,TSU,Red Bull Racing,13.0,13.0,90.353,1.1949999999999932,12.0,0.0,Lapped,0,0,0,0,0,1.2849166666666747,0.7439999999999998,16.0,0.0,0.7439999999999998,27,,,,
18,Singapore Grand Prix,23,ALB,Williams,20.0,19.0,,,14.0,0.0,Lapped,0,0,0,0,0,18.49033333333334,2.475999999999999,7.0,1.170000000000016,0.5200000000000102,15,,,,
18,Singapore Grand Prix,27,HUL,Kick Sauber,11.0,11.0,90.141,0.983000000000004,20.0,0.0,Lapped,0,0,0,0,0,0.0,1.198999999999998,30.0,0.0,0.4920000000000044,39,,,,
18,Singapore Grand Prix,30,LAW,Racing Bulls,12.0,12.0,90.32,1.161999999999992,15.0,0.0,Lapped,0,0,0,0,0,2.51158333333332,1.3449999999999989,20.0,2.51158333333332,1.3449999999999989,23,,,,
18,Singapore Grand Prix,31,OCO,Haas F1 Team,17.0,17.0,90.989,1.831000000000003,18.0,0.0,Lapped,0,0,0,0,0,2.0419166666666655,0.5840000000000032,20.0,2.0419166666666655,0.5840000000000032,26,,,,
18,Singapore Grand Prix,4,NOR,McLaren,5.0,5.0,89.586,0.4279999999999972,3.0,15.0,Finished,0,0,0,0,0,0.0,0.4830000000000041,16.0,0.0,0.429000000000002,27,,,,
18,Singapore Grand Prix,43,COL,Alpine,16.0,16.0,90.982,1.823999999999998,16.0,0.0,Lapped,0,0,0,0,0,2.0079166666666737,2.2079999999999984,22.0,2.0079166666666737,2.2079999999999984,27,,,,
18,Singapore Grand Prix,44,HAM,Ferrari,6.0,6.0,89.688,0.5300000000000011,8.0,4.0,Finished,0,0,0,0,1,0.4779166666666583,0.3640000000000043,16.0,0.4779166666666583,0.3640000000000043,24,,,,
18,Singapore Grand Prix,5,BOR,Kick Sauber,14.0,14.0,90.82,1.661999999999992,17.0,0.0,Lapped,0,0,0,0,0,2.0376499999999993,1.4950000000000043,22.0,1.3046666666666766,0.5490000000000066,32,,,,
18,Singapore Grand Prix,55,SAI,Williams,18.0,20.0,,,10.0,1.0,Lapped,0,0,0,0,0,3.557249999999996,0.585000000000008,25.0,1.1313333333333304,0.2439999999999997,36,,,,
18,Singapore Grand Prix,6,HAD,Racing Bulls,8.0,8.0,89.846,0.6880000000000024,11.0,0.0,Lapped,0,0,0,0,0,3.9186499999999858,0.132000000000005,23.0,1.4986666666666792,0.132000000000005,31,,,,
18,Singapore Grand Prix,63,RUS,Mercedes,1.0,1.0,89.158,0.0,1.0,25.0,Finished,1,1,0,0,0,,1.022999999999996,10.0,,0.0490000000000065,16,,,,
18,Singapore Grand Prix,81,PIA,McLaren,3.0,3.0,89.524,0.3659999999999996,4.0,12.0,Finished,0,0,0,0,0,2.9358666666666693,0.0,22.0,2.9358666666666693,0.0,30,,,,
18,Singapore Grand Prix,87,BEA,Haas F1 Team,9.0,9.0,89.868,0.7099999999999937,9.0,2.0,Finished,0,0,0,0,0,4.350250000000003,0.997,20.0,2.8568333333333413,0.953000000000003,30,,,,
19,United States Grand Prix,1,VER,Red Bull Racing,1.0,1.0,92.51,0.0,1.0,25.0,Finished,1,1,0,0,0,0.0377500000000026,0.3539999999999992,15.0,0.0377500000000026,0.3539999999999992,15,1.0,0.0,1.0,0.0
19,United States Grand Prix,10,GAS,Alpine,14.0,14.0,93.599,1.0889999999999986,19.0,0.0,Lapped,0,0,0,0,0,6.516199999999984,1.371000000000009,13.0,6.516199999999984,1.371000000000009,13,13.0,2.115,10.0,3.0
19,United States Grand Prix,12,ANT,Mercedes,7.0,7.0,93.044,0.5339999999999918,13.0,0.0,Finished,0,0,0,0,1,1.3137499999999849,1.4429999999999978,15.0,1.3137499999999849,1.4429999999999978,15,11.0,1.875,8.0,3.0
19,United States Grand Prix,14,ALO,Aston Martin,10.0,10.0,93.16,0.6499999999999915,10.0,1.0,Finished,0,0,0,0,0,1.980800000000002,0.3449999999999988,13.0,1.980800000000002,0.3449999999999988,13,6.0,0.767,20.0,-14.0
19,United States Grand Prix,16,LEC,Ferrari,3.0,3.0,92.807,0.296999999999997,3.0,15.0,Finished,0,0,0,0,0,6.336199999999991,2.786000000000002,9.0,6.336199999999991,2.786000000000002,9,10.0,0.961,5.0,5.0
19,United States Grand Prix,18,STR,Aston Martin,19.0,18.0,94.54,2.030000000000001,12.0,0.0,Finished,0,0,0,0,0,0.620750000000001,1.3160000000000025,12.0,0.620750000000001,1.3160000000000025,12,15.0,2.251,17.0,-3.0
19,United States Grand Prix,22,TSU,Red Bull Racing,13.0,13.0,93.466,0.9559999999999887,7.0,6.0,Finished,0,0,0,0,0,0.7103333333333239,1.237000000000009,12.0,0.7103333333333239,1.237000000000009,12,18.0,3.116,7.0,11.0
19,United States Grand Prix,23,ALB,Williams,18.0,19.0,94.69,2.1799999999999926,14.0,0.0,Finished,0,0,0,0,0,1.923399999999987,0.6260000000000048,17.0,1.923399999999987,0.6260000000000048,17,9.0,0.956,6.0,3.0
19,United States Grand Prix,27,HUL,Kick Sauber,11.0,11.0,93.334,0.8239999999999981,8.0,4.0,Finished,0,0,0,0,0,2.399799999999985,0.2550000000000096,15.0,2.399799999999985,0.2550000000000096,15,4.0,0.502,13.0,-9.0
19,United States Grand Prix,30,LAW,Racing Bulls,12.0,12.0,93.36,0.8499999999999943,11.0,0.0,Finished,0,0,0,0,0,1.1193333333333442,1.3250000000000028,14.0,1.1193333333333442,1.3250000000000028,14,14.0,2.173,9.0,6.0
19,United States Grand Prix,31,OCO,Haas F1 Team,17.0,17.0,94.136,1.6259999999999906,15.0,0.0,Finished,0,0,0,0,0,1.0249999999999917,1.073999999999998,13.0,1.0249999999999917,1.073999999999998,13,19.0,3.86,16.0,3.0
19,United States Grand Prix,4,NOR,McLaren,2.0,2.0,92.801,0.2909999999999968,2.0,18.0,Finished,0,0,0,0,0,0.0,0.0,14.0,0.0,0.0,14,2.0,0.071,18.0,-16.0
19,United States Grand Prix,43,COL,Alpine,15.0,15.0,94.039,1.5289999999999964,17.0,0.0,Lapped,0,0,0,0,0,2.4923333333333346,1.3590000000000089,15.0,2.4923333333333346,1.3590000000000089,15,17.0,3.103,14.0,3.0
19,United States Grand Prix,44,HAM,Ferrari,5.0,5.0,92.912,0.402000000000001,4.0,12.0,Finished,0,0,0,0,0,1.1936666666666582,0.6710000000000065,16.0,1.1936666666666582,0.6710000000000065,16,8.0,0.892,4.0,4.0
19,United States Grand Prix,5,BOR,Kick Sauber,16.0,16.0,94.125,1.6149999999999949,18.0,0.0,Lapped,0,0,0,0,0,12.447999999999992,1.1839999999999975,13.0,12.447999999999992,1.1839999999999975,13,20.0,4.17,11.0,9.0
19,United States Grand Prix,55,SAI,Williams,9.0,9.0,93.124,0.6139999999999901,20.0,0.0,Retired,0,0,1,1,0,0.0106666666666654,2.5799999999999983,4.0,0.0106666666666654,2.5799999999999983,4,7.0,0.768,3.0,4.0
19,United States Grand Prix,6,HAD,Racing Bulls,20.0,20.0,,,16.0,0.0,Finished,0,0,0,0,0,3.2807999999999993,0.8610000000000042,14.0,3.2807999999999993,0.8610000000000042,14,12.0,2.098,12.0,0.0
19,United States Grand Prix,63,RUS,Mercedes,4.0,4.0,92.826,0.3159999999999883,6.0,8.0,Finished,0,0,0,0,0,1.255999999999986,0.6370000000000005,15.0,1.255999999999986,0.6370000000000005,15,5.0,0.745,2.0,3.0
19,United States Grand Prix,81,PIA,McLaren,6.0,6.0,93.084,0.5739999999999981,5.0,10.0,Finished,0,0,0,0,0,1.0976666666666546,0.2789999999999963,17.0,1.0976666666666546,0.2789999999999963,17,3.0,0.38,19.0,-16.0
19,United States Grand Prix,87,BEA,Haas F1 Team,8.0,8.0,93.139,0.6289999999999907,9.0,2.0,Finished,0,0,0,0,0,1.4469999999999883,1.0390000000000017,14.0,1.4469999999999883,1.0390000000000017,14,16.0,3.016,15.0,1.0
20,Mexico City Grand Prix,1,VER,Red Bull Racing,5.0,5.0,76.07,0.4839999999999946,3.0,15.0,Finished,0,0,0,0,0,1.323599999999999,0.0,21.0,1.323599999999999,0.0,45,,,,
20,Mexico City Grand Prix,10,GAS,Alpine,18.0,18.0,77.546,1.960000000000008,15.0,0.0,Lapped,0,0,0,0,0,1.321333333333328,1.8020000000000067,17.0,1.321333333333328,1.7790000000000106,26,,,,
20,Mexico City Grand Prix,12,ANT,Mercedes,6.0,6.0,76.118,0.5319999999999965,6.0,8.0,Finished,0,0,0,0,0,0.8626666666666694,0.1069999999999993,40.0,0.8626666666666694,0.1069999999999993,47,,,,
20,Mexico City Grand Prix,14,ALO,Aston Martin,14.0,14.0,77.103,1.516999999999996,18.0,0.0,Retired,0,0,1,0,0,1.2494999999999976,0.5460000000000065,35.0,1.2494999999999976,0.5460000000000065,40,,,,
20,Mexico City Grand Prix,16,LEC,Ferrari,2.0,2.0,75.848,0.2620000000000004,2.0,18.0,Finished,0,0,0,0,0,0.4784666666666766,0.0,42.0,0.4784666666666766,0.0,58,,,,
20,Mexico City Grand Prix,18,STR,Aston Martin,19.0,19.0,77.606,2.019999999999996,14.0,0.0,Lapped,0,0,0,0,0,1.4116666666666615,0.5619999999999976,19.0,1.4116666666666615,0.5619999999999976,28,,,,
20,Mexico City Grand Prix,22,TSU,Red Bull Racing,10.0,11.0,76.816,1.230000000000004,11.0,0.0,Finished,0,0,0,0,0,1.6400000000000148,0.4909999999999996,42.0,1.6400000000000148,0.4909999999999996,57,,,,
20,Mexico City Grand Prix,23,ALB,Williams,17.0,17.0,77.49,1.9039999999999964,12.0,0.0,Lapped,0,0,0,0,0,1.8253999999999877,1.0040000000000049,46.0,1.8253999999999877,1.0040000000000049,56,,,,
20,Mexico City Grand Prix,27,HUL,Kick Sauber,13.0,13.0,77.016,1.4300000000000068,19.0,0.0,Retired,0,0,1,0,0,1.156000000000006,0.3800000000000096,35.0,0.7725999999999971,0.3800000000000096,50,,,,
20,Mexico City Grand Prix,30,LAW,Racing Bulls,15.0,15.0,76.961,1.375,20.0,0.0,Retired,0,0,1,1,0,1.758499999999998,0.8260000000000076,18.0,1.758499999999998,0.8260000000000076,27,,,,
20,Mexico City Grand Prix,31,OCO,Haas F1 Team,11.0,12.0,76.837,1.2510000000000048,9.0,2.0,Finished,0,0,0,0,0,0.312333333333342,0.6580000000000013,41.0,0.312333333333342,0.6580000000000013,59,,,,
20,Mexico City Grand Prix,4,NOR,McLaren,1.0,1.0,75.586,0.0,1.0,25.0,Finished,1,1,0,0,0,0.0,0.2510000000000048,23.0,0.0,0.0,37,,,,
20,Mexico City Grand Prix,43,COL,Alpine,20.0,20.0,77.67,2.084000000000003,16.0,0.0,Lapped,0,0,0,0,0,1.4150000000000065,0.9510000000000076,34.0,1.4150000000000065,0.9510000000000076,43,,,,
20,Mexico City Grand Prix,44,HAM,Ferrari,3.0,3.0,75.938,0.3520000000000038,8.0,4.0,Finished,0,0,0,0,0,1.4893333333333345,0.2999999999999971,22.0,1.4893333333333345,0.2999999999999971,41,,,,
20,Mexico City Grand Prix,5,BOR,Kick Sauber,16.0,16.0,77.412,1.8260000000000076,10.0,1.0,Finished,0,0,0,0,0,0.7496666666666556,0.5360000000000014,37.0,0.5766000000000133,0.5360000000000014,49,,,,
20,Mexico City Grand Prix,55,SAI,Williams,12.0,7.0,76.172,0.5859999999999985,17.0,0.0,Retired,0,0,1,0,0,1.1226666666666605,0.546999999999997,23.0,0.6242000000000019,0.546999999999997,37,,,,
20,Mexico City Grand Prix,6,HAD,Racing Bulls,8.0,9.0,76.252,0.6659999999999968,13.0,0.0,Lapped,0,0,0,0,0,1.6266666666666652,0.88900000000001,37.0,1.6266666666666652,0.7630000000000052,43,,,,
20,Mexico City Grand Prix,63,RUS,Mercedes,4.0,4.0,76.034,0.4480000000000075,7.0,6.0,Finished,0,0,0,0,1,0.9624000000000024,0.4369999999999976,21.0,0.9624000000000024,0.4369999999999976,28,,,,
20,Mexico City Grand Prix,81,PIA,McLaren,7.0,8.0,76.174,0.5880000000000081,5.0,10.0,Finished,0,0,0,0,0,0.0,0.4040000000000106,44.0,0.0,0.4040000000000106,61,,,,
20,Mexico City Grand Prix,87,BEA,Haas F1 Team,9.0,10.0,76.46,0.8739999999999952,4.0,12.0,Finished,0,0,0,0,0,1.5570000000000022,1.0499999999999972,28.0,1.5570000000000022,1.0499999999999972,43,,,,
21,São Paulo Grand Prix,1,VER,Red Bull Racing,19.0,16.0,70.403,0.8920000000000101,3.0,15.0,Finished,0,0,0,0,0,1.3866666666666705,1.3699999999999903,22.0,1.3866666666666705,1.3699999999999903,22,6.0,0.337,4.0,2.0
21,São Paulo Grand Prix,10,GAS,Alpine,9.0,9.0,69.857,0.3460000000000036,10.0,1.0,Finished,0,0,0,0,0,0.7483333333333348,0.921999999999997,25.0,0.7483333333333348,0.921999999999997,25,13.0,0.609,8.0,5.0
21,São Paulo Grand Prix,12,ANT,Mercedes,2.0,2.0,69.685,0.1740000000000066,2.0,18.0,Finished,0,0,0,0,0,1.01700000000001,0.7459999999999951,24.0,1.01700000000001,0.7459999999999951,24,3.0,0.097,2.0,0.0
21,São Paulo Grand Prix,14,ALO,Aston Martin,11.0,11.0,70.001,0.4900000000000091,14.0,0.0,Finished,0,0,0,0,0,6.092466666666667,0.6079999999999899,14.0,6.092466666666667,0.6079999999999899,14,2.0,0.087,6.0,-1.0
21,São Paulo Grand Prix,16,LEC,Ferrari,3.0,3.0,69.801,0.2900000000000062,19.0,0.0,Retired,0,0,1,0,0,0.7836666666666616,1.4949999999999903,22.0,0.7836666666666616,1.4949999999999903,22,9.0,0.482,5.0,3.0
21,São Paulo Grand Prix,18,STR,Aston Martin,14.0,14.0,70.041,0.5300000000000011,16.0,0.0,Finished,0,0,0,0,0,1.1486666666666707,1.0719999999999883,20.0,1.1486666666666707,1.0719999999999883,20,8.0,0.404,9.0,-2.0
21,São Paulo Grand Prix,22,TSU,Red Bull Racing,17.0,19.0,70.711,1.2000000000000028,17.0,0.0,Finished,0,0,0,0,0,2.0773333333333284,1.7650000000000006,13.0,2.0773333333333284,1.7650000000000006,13,18.0,1.449,13.0,6.0
21,São Paulo Grand Prix,23,ALB,Williams,12.0,12.0,70.053,0.5420000000000016,11.0,0.0,Finished,0,0,0,0,1,1.365000000000009,0.8089999999999975,26.0,1.365000000000009,0.8089999999999975,26,12.0,0.57,17.0,-5.0
21,São Paulo Grand Prix,27,HUL,Kick Sauber,10.0,10.0,69.985,0.4740000000000037,9.0,2.0,Finished,0,0,0,0,0,1.1222666666666612,0.5959999999999894,20.0,1.1222666666666612,0.5959999999999894,20,10.0,0.492,15.0,-5.0
21,São Paulo Grand Prix,30,LAW,Racing Bulls,7.0,7.0,69.95,0.4390000000000071,7.0,6.0,Finished,0,0,0,0,0,1.5316666666666665,0.7959999999999923,21.0,1.5316666666666665,0.7959999999999923,21,17.0,1.423,16.0,1.0
21,São Paulo Grand Prix,31,OCO,Haas F1 Team,20.0,17.0,70.438,0.9270000000000068,12.0,0.0,Finished,0,0,0,0,0,0.9080000000000013,0.9080000000000013,16.0,0.9080000000000013,0.9080000000000013,16,19.0,1.629,11.0,7.0
21,São Paulo Grand Prix,4,NOR,McLaren,1.0,1.0,69.511,0.0,1.0,25.0,Finished,1,1,0,0,0,0.5438666666666734,0.2609999999999957,20.0,0.5438666666666734,0.2609999999999957,20,1.0,0.0,1.0,0.0
21,São Paulo Grand Prix,43,COL,Alpine,16.0,18.0,70.632,1.121000000000009,15.0,0.0,Finished,0,0,0,0,0,0.1493333333333311,1.161999999999992,20.0,0.1493333333333311,1.161999999999992,20,16.0,1.198,20.0,-4.0
21,São Paulo Grand Prix,44,HAM,Ferrari,13.0,13.0,70.016,0.5050000000000097,18.0,0.0,Retired,0,0,1,0,0,0.7850666666666655,1.5279999999999916,21.0,0.7850666666666655,1.5279999999999916,21,11.0,0.568,7.0,4.0
21,São Paulo Grand Prix,5,BOR,Kick Sauber,18.0,,,,20.0,0.0,Retired,0,0,1,1,0,1.4618666666666795,0.617999999999995,20.0,1.4618666666666795,0.617999999999995,20,14.0,0.68,18.0,-4.0
21,São Paulo Grand Prix,55,SAI,Williams,15.0,15.0,70.184,0.6730000000000018,13.0,0.0,Finished,0,0,0,0,0,0.9268666666666548,0.7249999999999943,25.0,0.9268666666666548,0.7249999999999943,25,20.0,1.877,14.0,6.0
21,São Paulo Grand Prix,6,HAD,Racing Bulls,5.0,5.0,69.931,0.4200000000000017,8.0,4.0,Finished,0,0,0,0,0,0.0,0.708999999999989,19.0,0.0,0.708999999999989,19,7.0,0.365,10.0,-1.0
21,São Paulo Grand Prix,63,RUS,Mercedes,6.0,6.0,69.88,0.3689999999999998,4.0,12.0,Finished,0,0,0,0,0,0.5846666666666636,0.6469999999999914,23.0,0.5846666666666636,0.6469999999999914,23,4.0,0.141,3.0,1.0
21,São Paulo Grand Prix,81,PIA,McLaren,4.0,4.0,69.835,0.323999999999998,5.0,10.0,Finished,0,0,0,0,0,0.7714666666666687,0.0,23.0,0.7714666666666687,0.0,23,5.0,0.173,19.0,-16.0
21,São Paulo Grand Prix,87,BEA,Haas F1 Team,8.0,8.0,69.755,0.2439999999999997,6.0,8.0,Finished,0,0,0,0,0,1.5168666666666724,0.962999999999994,17.0,1.5168666666666724,0.962999999999994,17,15.0,0.703,12.0,3.0
22,Las Vegas Grand Prix,1,VER,Red Bull Racing,2.0,2.0,108.257,0.3230000000000075,1.0,25.0,Finished,0,1,0,0,1,1.5408999999999935,0.2040000000000077,20.0,1.5408999999999935,0.0,37,,,,
22,Las Vegas Grand Prix,10,GAS,Alpine,10.0,10.0,111.54,3.6060000000000088,13.0,0.0,Finished,0,0,0,0,0,5.926066666666671,0.6209999999999951,22.0,0.825666666666649,0.6209999999999951,31,,,,
22,Las Vegas Grand Prix,12,ANT,Mercedes,17.0,17.0,116.314,8.379999999999995,3.0,15.0,Finished,0,0,0,0,0,1.2123999999999882,0.3900000000000005,26.0,1.2123999999999882,0.3900000000000005,38,,,,
22,Las Vegas Grand Prix,14,ALO,Aston Martin,7.0,7.0,109.466,1.5319999999999965,11.0,0.0,Finished,0,0,0,0,0,5.480333333333348,0.7779999999999916,17.0,4.811333333333323,0.7779999999999916,24,,,,
22,Las Vegas Grand Prix,16,LEC,Ferrari,9.0,9.0,109.872,1.9380000000000024,4.0,12.0,Finished,0,0,0,0,0,0.0,0.1529999999999916,25.0,0.0,0.1529999999999916,44,,,,
22,Las Vegas Grand Prix,18,STR,Aston Martin,12.0,12.0,112.85,4.915999999999997,18.0,0.0,Retired,0,0,1,1,0,2.074399999999997,0.926000000000002,17.0,0.8033333333333417,0.926000000000002,22,,,,
22,Las Vegas Grand Prix,22,TSU,Red Bull Racing,20.0,19.0,116.798,8.864000000000004,12.0,0.0,Finished,0,0,0,0,0,9.138000000000003,0.1029999999999944,20.0,3.967533333333322,0.1029999999999944,35,,,,
22,Las Vegas Grand Prix,23,ALB,Williams,16.0,16.0,116.22,8.286000000000001,16.0,0.0,Retired,0,0,1,0,0,12.771666666666675,0.0,19.0,2.690083333333334,0.0,31,,,,
22,Las Vegas Grand Prix,27,HUL,Kick Sauber,11.0,11.0,112.781,4.847000000000008,7.0,6.0,Finished,0,0,0,0,0,0.8203999999999922,1.2019999999999982,18.0,0.8203999999999922,1.2019999999999982,23,,,,
22,Las Vegas Grand Prix,30,LAW,Racing Bulls,6.0,6.0,109.062,1.128,14.0,0.0,Lapped,0,0,0,0,0,2.037066666666661,0.0,21.0,2.037066666666661,0.0,37,,,,
22,Las Vegas Grand Prix,31,OCO,Haas F1 Team,13.0,13.0,112.987,5.052999999999997,9.0,2.0,Finished,0,0,0,0,0,2.7767333333333397,1.1550000000000011,26.0,1.19553333333333,1.1550000000000011,41,,,,
22,Las Vegas Grand Prix,4,NOR,McLaren,1.0,1.0,107.934,0.0,19.0,0.0,Disqualified,1,0,0,0,0,4.951400000000007,0.0420000000000015,13.0,1.1286666666666747,0.0420000000000015,21,,,,
22,Las Vegas Grand Prix,43,COL,Alpine,15.0,15.0,113.683,5.749000000000009,15.0,0.0,Lapped,0,0,0,0,0,1.997399999999999,0.9230000000000018,26.0,0.0,0.9230000000000018,34,,,,
22,Las Vegas Grand Prix,44,HAM,Ferrari,19.0,20.0,117.115,9.180999999999996,8.0,4.0,Finished,0,0,0,0,0,3.852733333333319,0.2259999999999991,20.0,3.852733333333319,0.2259999999999991,40,,,,
22,Las Vegas Grand Prix,5,BOR,Kick Sauber,18.0,18.0,116.674,8.740000000000009,17.0,0.0,Retired,0,0,1,0,0,4.936666666666667,2.061000000000007,17.0,4.936666666666667,1.4569999999999936,27,,,,
22,Las Vegas Grand Prix,55,SAI,Williams,3.0,3.0,108.296,0.362000000000009,5.0,10.0,Finished,0,0,0,0,0,0.4133999999999957,0.2109999999999985,22.0,0.4133999999999957,0.2109999999999985,32,,,,
22,Las Vegas Grand Prix,6,HAD,Racing Bulls,8.0,8.0,109.554,1.6200000000000043,6.0,8.0,Finished,0,0,0,0,0,1.8223999999999876,0.7830000000000013,21.0,1.8223999999999876,0.7830000000000013,35,,,,
22,Las Vegas Grand Prix,63,RUS,Mercedes,4.0,4.0,108.803,0.8689999999999998,2.0,18.0,Finished,0,0,0,0,0,0.5846499999999963,0.5290000000000106,20.0,0.5846499999999963,0.5290000000000106,31,,,,
22,Las Vegas Grand Prix,81,PIA,McLaren,5.0,5.0,108.961,1.027000000000001,20.0,0.0,Disqualified,0,0,0,0,0,0.0,0.4919999999999902,20.0,0.0,0.4919999999999902,31,,,,
22,Las Vegas Grand Prix,87,BEA,Haas F1 Team,14.0,14.0,113.094,5.159999999999997,10.0,1.0,Finished,0,0,0,0,0,0.990399999999994,1.0219999999999914,21.0,0.990399999999994,1.0219999999999914,31,,,,
23,Qatar Grand Prix,1,VER,Red Bull Racing,3.0,3.0,79.651,0.2639999999999958,1.0,25.0,Finished,0,1,0,0,0,0.7120000000000175,0.5799999999999983,18.0,0.7120000000000175,0.5799999999999983,18,6.0,0.473,4.0,2.0
23,Qatar Grand Prix,10,GAS,Alpine,9.0,9.0,80.324,0.9369999999999976,16.0,0.0,Lapped,0,0,0,0,0,13.481400000000008,1.5,12.0,13.481400000000008,1.5,12,19.0,2.057,18.0,1.0
23,Qatar Grand Prix,12,ANT,Mercedes,5.0,5.0,79.846,0.4590000000000032,5.0,10.0,Finished,0,0,0,0,0,1.2398000000000169,0.7739999999999867,24.0,1.2398000000000169,0.7739999999999867,24,7.0,0.477,6.0,1.0
23,Qatar Grand Prix,14,ALO,Aston Martin,8.0,8.0,80.219,0.8319999999999936,7.0,6.0,Finished,0,0,0,0,0,5.5394000000000005,0.3859999999999957,17.0,5.5394000000000005,0.3859999999999957,17,4.0,0.395,7.0,-3.0
23,Qatar Grand Prix,16,LEC,Ferrari,10.0,10.0,80.343,0.9560000000000032,8.0,4.0,Finished,0,0,0,0,0,3.1550000000000153,0.7439999999999998,19.0,3.1550000000000153,0.7439999999999998,19,9.0,0.567,13.0,-4.0
23,Qatar Grand Prix,18,STR,Aston Martin,18.0,19.0,81.058,1.6710000000000065,17.0,0.0,Retired,0,0,1,0,0,1.0852500000000165,0.7449999999999903,18.0,1.0852500000000165,0.7449999999999903,18,16.0,1.752,19.0,-2.0
23,Qatar Grand Prix,22,TSU,Red Bull Racing,15.0,16.0,80.761,1.3739999999999952,10.0,1.0,Finished,0,0,0,0,0,1.5630000000000166,0.8719999999999999,20.0,1.5630000000000166,0.8719999999999999,20,5.0,0.464,5.0,0.0
23,Qatar Grand Prix,23,ALB,Williams,14.0,15.0,80.629,1.2420000000000044,11.0,0.0,Finished,0,0,0,0,0,0.4480000000000075,0.6849999999999881,17.0,0.4480000000000075,0.6849999999999881,17,10.0,0.733,10.0,0.0
23,Qatar Grand Prix,27,HUL,Kick Sauber,11.0,11.0,80.353,0.965999999999994,20.0,0.0,Retired,0,0,1,1,0,11.18380000000002,2.340999999999994,13.0,11.18380000000002,2.340999999999994,13,12.0,1.272,16.0,-2.0
23,Qatar Grand Prix,30,LAW,Racing Bulls,12.0,12.0,80.433,1.0460000000000065,9.0,2.0,Finished,0,0,0,0,0,1.3364000000000118,1.637999999999991,15.0,1.3364000000000118,1.637999999999991,15,17.0,1.796,14.0,2.0
23,Qatar Grand Prix,31,OCO,Haas F1 Team,16.0,17.0,80.864,1.477000000000004,15.0,0.0,Lapped,0,0,0,0,0,1.066500000000019,1.171999999999997,21.0,1.066500000000019,1.171999999999997,21,15.0,1.611,15.0,0.0
23,Qatar Grand Prix,4,NOR,McLaren,2.0,2.0,79.495,0.108000000000004,4.0,12.0,Finished,0,0,0,0,0,0.0337999999999993,0.0579999999999927,20.0,0.0337999999999993,0.0579999999999927,20,3.0,0.23,3.0,0.0
23,Qatar Grand Prix,43,COL,Alpine,20.0,20.0,81.137,1.75,14.0,0.0,Lapped,0,0,0,0,0,1.067666666666682,2.6049999999999898,15.0,1.067666666666682,2.6049999999999898,15,20.0,2.309,20.0,0.0
23,Qatar Grand Prix,44,HAM,Ferrari,17.0,18.0,80.907,1.519999999999996,12.0,0.0,Finished,0,0,0,0,0,0.3413333333333384,2.0649999999999977,16.0,0.3413333333333384,2.0649999999999977,16,18.0,1.988,17.0,1.0
23,Qatar Grand Prix,5,BOR,Kick Sauber,19.0,14.0,80.534,1.1470000000000056,13.0,0.0,Finished,0,0,0,0,0,1.3570000000000275,1.0019999999999951,18.0,1.3570000000000275,1.0019999999999951,18,14.0,1.512,11.0,2.0
23,Qatar Grand Prix,55,SAI,Williams,7.0,7.0,80.251,0.8640000000000043,3.0,15.0,Finished,0,0,0,0,0,12.799750000000016,0.4799999999999897,10.0,12.799750000000016,0.4799999999999897,10,8.0,0.487,8.0,0.0
23,Qatar Grand Prix,6,HAD,Racing Bulls,6.0,6.0,80.114,0.7270000000000039,18.0,0.0,Retired,0,0,1,0,0,2.0394000000000005,0.5789999999999935,17.0,2.0394000000000005,0.5789999999999935,17,11.0,1.222,9.0,2.0
23,Qatar Grand Prix,63,RUS,Mercedes,4.0,4.0,79.662,0.2750000000000057,6.0,8.0,Finished,0,0,0,0,0,0.6426000000000158,0.8999999999999915,24.0,0.6426000000000158,0.8999999999999915,24,2.0,0.032,2.0,0.0
23,Qatar Grand Prix,81,PIA,McLaren,1.0,1.0,79.387,0.0,2.0,18.0,Finished,1,0,0,0,1,0.0,0.0,22.0,0.0,0.0,22,1.0,0.0,1.0,0.0
23,Qatar Grand Prix,87,BEA,Haas F1 Team,13.0,13.0,80.438,1.051000000000002,19.0,0.0,Retired,0,0,1,0,0,1.350750000000005,1.0019999999999951,17.0,1.350750000000005,1.0019999999999951,17,13.0,1.439,12.0,0.0
24,Abu Dhabi Grand Prix,1,VER,Red Bull Racing,1.0,1.0,82.207,0.0,1.0,25.0,Finished,1,1,0,0,0,2.9136666666666713,0.0079999999999955,41.0,2.9136666666666713,0.0079999999999955,47,,,,
24,Abu Dhabi Grand Prix,10,GAS,Alpine,19.0,19.0,83.468,1.26100000000001,19.0,0.0,Lapped,0,0,0,0,0,4.991649999999993,1.8799999999999957,23.0,4.991649999999993,0.7379999999999995,30,,,,
24,Abu Dhabi Grand Prix,12,ANT,Mercedes,14.0,14.0,82.894,0.6870000000000118,15.0,0.0,Finished,0,0,0,0,0,3.2789166666666603,0.1230000000000046,36.0,3.2789166666666603,0.1230000000000046,39,,,,
24,Abu Dhabi Grand Prix,14,ALO,Aston Martin,6.0,6.0,82.861,0.6540000000000106,6.0,8.0,Finished,0,0,0,0,0,4.796916666666661,0.625,18.0,4.796916666666661,0.5480000000000018,25,,,,
24,Abu Dhabi Grand Prix,16,LEC,Ferrari,5.0,5.0,82.73,0.5230000000000103,4.0,12.0,Finished,0,0,0,0,1,0.0,0.0160000000000053,36.0,0.0,0.0160000000000053,41,,,,
24,Abu Dhabi Grand Prix,18,STR,Aston Martin,15.0,15.0,83.097,0.8900000000000006,10.0,1.0,Finished,0,0,0,0,0,0.6925833333333316,0.7489999999999952,17.0,0.6925833333333316,0.6589999999999918,26,,,,
24,Abu Dhabi Grand Prix,22,TSU,Red Bull Racing,10.0,10.0,83.034,0.8270000000000124,14.0,0.0,Finished,0,0,0,0,0,5.043999999999997,1.2199999999999989,16.0,5.043999999999997,1.2199999999999989,19,,,,
24,Abu Dhabi Grand Prix,23,ALB,Williams,17.0,17.0,83.416,1.2090000000000032,16.0,0.0,Finished,0,0,0,0,0,4.967649999999992,0.8670000000000044,22.0,4.967649999999992,0.387999999999991,31,,,,
24,Abu Dhabi Grand Prix,27,HUL,Kick Sauber,18.0,18.0,83.45,1.2430000000000092,9.0,2.0,Finished,0,0,0,0,0,3.0685833333333363,0.1440000000000054,35.0,3.0685833333333363,0.1440000000000054,40,,,,
24,Abu Dhabi Grand Prix,30,LAW,Racing Bulls,13.0,13.0,83.077,0.8700000000000045,18.0,0.0,Lapped,0,0,0,0,0,5.0702500000000015,1.3910000000000051,23.0,5.0702500000000015,0.6129999999999995,30,,,,
24,Abu Dhabi Grand Prix,31,OCO,Haas F1 Team,8.0,8.0,82.913,0.7060000000000031,7.0,6.0,Finished,0,0,0,0,0,4.38624999999999,0.875,16.0,4.38624999999999,0.2710000000000008,23,,,,
24,Abu Dhabi Grand Prix,4,NOR,McLaren,2.0,2.0,82.408,0.2010000000000076,3.0,15.0,Finished,0,0,0,0,0,1.5216666666666612,0.0,35.0,1.5216666666666612,0.0,47,,,,
24,Abu Dhabi Grand Prix,43,COL,Alpine,20.0,20.0,83.89,1.683000000000007,20.0,0.0,Lapped,0,0,0,0,0,4.20986666666667,0.3700000000000045,36.0,4.20986666666667,0.3700000000000045,43,,,,
24,Abu Dhabi Grand Prix,44,HAM,Ferrari,16.0,16.0,83.394,1.1870000000000118,8.0,4.0,Finished,0,0,0,0,0,4.674583333333331,0.8559999999999945,17.0,4.674583333333331,0.8559999999999945,19,,,,
24,Abu Dhabi Grand Prix,5,BOR,Kick Sauber,7.0,7.0,82.874,0.6670000000000016,11.0,0.0,Finished,0,0,0,0,0,0.0,0.257000000000005,33.0,0.0,0.257000000000005,38,,,,
24,Abu Dhabi Grand Prix,55,SAI,Williams,12.0,12.0,83.042,0.835000000000008,13.0,0.0,Finished,0,0,0,0,0,3.599333333333334,0.2860000000000013,33.0,3.599333333333334,0.2860000000000013,41,,,,
24,Abu Dhabi Grand Prix,6,HAD,Racing Bulls,9.0,9.0,82.997,0.7900000000000063,17.0,0.0,Lapped,0,0,0,0,0,2.1752500000000055,0.4920000000000044,38.0,2.1752500000000055,0.4920000000000044,46,,,,
24,Abu Dhabi Grand Prix,63,RUS,Mercedes,4.0,4.0,82.645,0.4380000000000024,5.0,10.0,Finished,0,0,0,0,0,3.1533333333333218,0.2480000000000046,38.0,3.1533333333333218,0.0,43,,,,
24,Abu Dhabi Grand Prix,81,PIA,McLaren,3.0,3.0,82.437,0.2300000000000039,2.0,18.0,Finished,0,0,0,0,0,4.471850000000003,0.6800000000000068,19.0,0.0,0.2590000000000003,27,,,,
24,Abu Dhabi Grand Prix,87,BEA,Haas F1 Team,11.0,11.0,83.041,0.8340000000000032,12.0,0.0,Finished,0,0,0,0,0,0.5349999999999966,0.2740000000000009,22.0,0.5349999999999966,0.2740000000000009,28,,,,
