round,event,driver_number,driver,team,quali_pos,quali_time,quali_delta,points,fp_race_pace_delta,fp_best_delta,fp_laps,sprint_quali_pos,sprint_quali_delta
1,Australian Grand Prix,10,GAS,Red Bull,17.0,83.02,2.533999999999992,0.0,,,,,
1,Australian Grand Prix,11,PER,Racing Point,10.0,82.532,2.0459999999999923,0.0,,,,,
1,Australian Grand Prix,16,LEC,Ferrari,5.0,81.442,0.9559999999999889,10.0,,,,,
1,Australian Grand Prix,18,STR,Racing Point,16.0,83.017,2.5309999999999917,2.0,,,,,
1,Australian Grand Prix,20,MAG,Haas F1 Team,7.0,82.099,1.6129999999999995,8.0,,,,,
1,Australian Grand Prix,23,ALB,Toro Rosso,13.0,82.636,2.1499999999999915,0.0,,,,,
1,Australian Grand Prix,26,KVY,Toro Rosso,15.0,82.511,2.0249999999999915,1.0,,,,,
1,Australian Grand Prix,27,HUL,Renault,11.0,82.54,2.054000000000002,6.0,,,,,
1,Australian Grand Prix,3,RIC,Renault,12.0,82.57,2.083999999999989,0.0,,,,,
1,Australian Grand Prix,33,VER,Red Bull,4.0,81.32,0.833999999999989,15.0,,,,,
1,Australian Grand Prix,4,NOR,McLaren,8.0,82.304,1.8179999999999978,0.0,,,,,
1,Australian Grand Prix,44,HAM,Mercedes,1.0,80.486,0.0,18.0,,,,,
1,Australian Grand Prix,5,VET,Ferrari,3.0,81.19,0.7039999999999935,12.0,,,,,
1,Australian Grand Prix,55,SAI,McLaren,18.0,83.084,2.597999999999999,0.0,,,,,
1,Australian Grand Prix,63,RUS,Williams,19.0,84.36,3.8739999999999952,0.0,,,,,
1,Australian Grand Prix,7,RAI,Alfa Romeo,9.0,82.314,1.8279999999999887,4.0,,,,,
1,Australian Grand Prix,77,BOT,Mercedes,2.0,80.598,0.11199999999999477,26.0,,,,,
1,Australian Grand Prix,8,GRO,Haas F1 Team,6.0,81.826,1.3399999999999892,0.0,,,,,
1,Australian Grand Prix,88,KUB,Williams,20.0,86.067,5.580999999999989,0.0,,,,,
1,Australian Grand Prix,99,GIO,Alfa Romeo,14.0,82.431,1.9449999999999932,0.0,,,,,
2,Bahrain Grand Prix,10,GAS,Red Bull,13.0,89.526,1.6599999999999966,4.0,,,,,
2,Bahrain Grand Prix,11,PER,Racing Point,14.0,89.756,1.8900000000000006,1.0,,,,,
2,Bahrain Grand Prix,16,LEC,Ferrari,1.0,87.866,0.0,16.0,,,,,
2,Bahrain Grand Prix,18,STR,Racing Point,18.0,90.217,2.350999999999999,0.0,,,,,
2,Bahrain Grand Prix,20,MAG,Haas F1 Team,6.0,88.757,0.8910000000000053,0.0,,,,,
2,Bahrain Grand Prix,23,ALB,Toro Rosso,12.0,89.513,1.6470000000000056,2.0,,,,,
2,Bahrain Grand Prix,26,KVY,Toro Rosso,15.0,89.854,1.9879999999999995,0.0,,,,,
2,Bahrain Grand Prix,27,HUL,Renault,17.0,90.034,2.1680000000000064,0.0,,,,,
2,Bahrain Grand Prix,3,RIC,Renault,11.0,89.488,1.6219999999999999,0.0,,,,,
2,Bahrain Grand Prix,33,VER,Red Bull,5.0,88.752,0.8859999999999957,12.0,,,,,
2,Bahrain Grand Prix,4,NOR,McLaren,10.0,89.043,1.1770000000000067,8.0,,,,,
2,Bahrain Grand Prix,44,HAM,Mercedes,3.0,88.19,0.32399999999999807,25.0,,,,,
2,Bahrain Grand Prix,5,VET,Ferrari,2.0,88.16,0.29399999999999693,10.0,,,,,
2,Bahrain Grand Prix,55,SAI,McLaren,7.0,88.813,0.9470000000000027,0.0,,,,,
2,Bahrain Grand Prix,63,RUS,Williams,19.0,91.759,3.8930000000000007,0.0,,,,,
2,Bahrain Grand Prix,7,RAI,Alfa Romeo,9.0,89.022,1.156000000000006,6.0,,,,,
2,Bahrain Grand Prix,77,BOT,Mercedes,4.0,88.256,0.39000000000000057,18.0,,,,,
2,Bahrain Grand Prix,8,GRO,Haas F1 Team,8.0,89.015,1.149000000000001,0.0,,,,,
2,Bahrain Grand Prix,88,KUB,Williams,20.0,91.799,3.933000000000007,0.0,,,,,
2,Bahrain Grand Prix,99,GIO,Alfa Romeo,16.0,90.026,2.1599999999999966,0.0,,,,,
3,Chinese Grand Prix,10,GAS,Red Bull,6.0,92.93,1.3830000000000098,9.0,,,,,
3,Chinese Grand Prix,11,PER,Racing Point,12.0,93.299,1.7520000000000095,4.0,,,,,
3,Chinese Grand Prix,16,LEC,Ferrari,4.0,91.865,0.31799999999999784,10.0,,,,,
3,Chinese Grand Prix,18,STR,Racing Point,16.0,94.292,2.7450000000000045,0.0,,,,,
3,Chinese Grand Prix,20,MAG,Haas F1 Team,9.0,93.15,1.6030000000000086,0.0,,,,,
3,Chinese Grand Prix,26,KVY,Toro Rosso,11.0,93.236,1.6890000000000072,0.0,,,,,
3,Chinese Grand Prix,27,HUL,Renault,8.0,92.962,1.4150000000000063,0.0,,,,,
3,Chinese Grand Prix,3,RIC,Renault,7.0,92.958,1.4110000000000014,6.0,,,,,
3,Chinese Grand Prix,33,VER,Red Bull,5.0,92.089,0.5420000000000016,12.0,,,,,
3,Chinese Grand Prix,4,NOR,McLaren,15.0,93.967,2.4200000000000017,0.0,,,,,
3,Chinese Grand Prix,44,HAM,Mercedes,2.0,91.57,0.022999999999996135,25.0,,,,,
3,Chinese Grand Prix,5,VET,Ferrari,3.0,91.848,0.30100000000000193,15.0,,,,,
3,Chinese Grand Prix,55,SAI,McLaren,14.0,93.523,1.975999999999999,0.0,,,,,
3,Chinese Grand Prix,63,RUS,Williams,17.0,95.253,3.706000000000003,0.0,,,,,
3,Chinese Grand Prix,7,RAI,Alfa Romeo,13.0,93.419,1.8719999999999999,2.0,,,,,
3,Chinese Grand Prix,77,BOT,Mercedes,1.0,91.547,0.0,18.0,,,,,
3,Chinese Grand Prix,8,GRO,Haas F1 Team,10.0,93.156,1.6090000000000089,0.0,,,,,
3,Chinese Grand Prix,88,KUB,Williams,18.0,95.281,3.734000000000009,0.0,,,,,
4,Azerbaijan Grand Prix,10,GAS,Red Bull,20.0,,,0.0,,,,,
4,Azerbaijan Grand Prix,11,PER,Racing Point,5.0,101.593,1.097999999999999,8.0,,,,,
4,Azerbaijan Grand Prix,16,LEC,Ferrari,9.0,101.426,0.9309999999999974,11.0,,,,,
4,Azerbaijan Grand Prix,18,STR,Racing Point,14.0,102.63,2.134999999999991,2.0,,,,,
4,Azerbaijan Grand Prix,20,MAG,Haas F1 Team,13.0,102.382,1.8870000000000005,0.0,,,,,
4,Azerbaijan Grand Prix,23,ALB,Toro Rosso,12.0,102.154,1.6589999999999918,0.0,,,,,
4,Azerbaijan Grand Prix,26,KVY,Toro Rosso,6.0,101.681,1.1859999999999928,0.0,,,,,
4,Azerbaijan Grand Prix,27,HUL,Renault,16.0,103.427,2.932000000000002,0.0,,,,,
4,Azerbaijan Grand Prix,3,RIC,Renault,11.0,102.477,1.9819999999999993,0.0,,,,,
4,Azerbaijan Grand Prix,33,VER,Red Bull,4.0,101.069,0.5739999999999981,12.0,,,,,
4,Azerbaijan Grand Prix,4,NOR,McLaren,7.0,101.886,1.3909999999999911,4.0,,,,,
4,Azerbaijan Grand Prix,44,HAM,Mercedes,2.0,100.554,0.0589999999999975,18.0,,,,,
4,Azerbaijan Grand Prix,5,VET,Ferrari,3.0,100.797,0.3019999999999925,15.0,,,,,
4,Azerbaijan Grand Prix,55,SAI,McLaren,10.0,101.936,1.4410000000000025,6.0,,,,,
4,Azerbaijan Grand Prix,63,RUS,Williams,17.0,105.062,4.566999999999993,0.0,,,,,
4,Azerbaijan Grand Prix,7,RAI,Alfa Romeo,19.0,,,1.0,,,,,
4,Azerbaijan Grand Prix,77,BOT,Mercedes,1.0,100.495,0.0,25.0,,,,,
4,Azerbaijan Grand Prix,8,GRO,Haas F1 Team,15.0,103.407,2.911999999999992,0.0,,,,,
4,Azerbaijan Grand Prix,88,KUB,Williams,18.0,105.455,4.959999999999994,0.0,,,,,
4,Azerbaijan Grand Prix,99,GIO,Alfa Romeo,8.0,102.14,1.644999999999996,0.0,,,,,
5,Spanish Grand Prix,10,GAS,Red Bull,6.0,76.708,1.3019999999999925,8.0,,,,,
5,Spanish Grand Prix,11,PER,Racing Point,15.0,77.886,2.4799999999999898,0.0,,,,,
5,Spanish Grand Prix,16,LEC,Ferrari,5.0,76.588,1.181999999999988,10.0,,,,,
5,Spanish Grand Prix,18,STR,Racing Point,17.0,78.471,3.0649999999999977,0.0,,,,,
5,Spanish Grand Prix,20,MAG,Haas F1 Team,8.0,76.922,1.5159999999999911,6.0,,,,,
5,Spanish Grand Prix,23,ALB,Toro Rosso,12.0,77.445,2.0389999999999873,0.0,,,,,
5,Spanish Grand Prix,26,KVY,Toro Rosso,9.0,77.243,1.836999999999989,2.0,,,,,
5,Spanish Grand Prix,27,HUL,Renault,16.0,78.404,2.9979999999999905,0.0,,,,,
5,Spanish Grand Prix,3,RIC,Renault,10.0,77.299,1.8930000000000007,0.0,,,,,
5,Spanish Grand Prix,33,VER,Red Bull,4.0,76.357,0.9509999999999934,15.0,,,,,
5,Spanish Grand Prix,4,NOR,McLaren,11.0,77.338,1.931999999999988,0.0,,,,,
5,Spanish Grand Prix,44,HAM,Mercedes,2.0,76.038,0.6319999999999908,26.0,,,,,
5,Spanish Grand Prix,5,VET,Ferrari,3.0,76.272,0.8659999999999997,12.0,,,,,
5,Spanish Grand Prix,55,SAI,McLaren,13.0,77.599,2.192999999999998,4.0,,,,,
5,Spanish Grand Prix,63,RUS,Williams,19.0,79.072,3.665999999999997,0.0,,,,,
5,Spanish Grand Prix,7,RAI,Alfa Romeo,14.0,77.788,2.381999999999991,0.0,,,,,
5,Spanish Grand Prix,77,BOT,Mercedes,1.0,75.406,0.0,18.0,,,,,
5,Spanish Grand Prix,8,GRO,Haas F1 Team,7.0,76.911,1.5049999999999955,1.0,,,,,
5,Spanish Grand Prix,88,KUB,Williams,20.0,80.254,4.847999999999999,0.0,,,,,
5,Spanish Grand Prix,99,GIO,Alfa Romeo,18.0,78.664,3.2579999999999956,0.0,,,,,
6,Monaco Grand Prix,10,GAS,Red Bull,5.0,71.041,0.875,11.0,,,,,
6,Monaco Grand Prix,11,PER,Racing Point,17.0,72.233,2.0670000000000073,0.0,,,,,
6,Monaco Grand Prix,16,LEC,Ferrari,16.0,72.149,1.983000000000004,0.0,,,,,
6,Monaco Grand Prix,18,STR,Racing Point,18.0,72.846,2.680000000000007,0.0,,,,,
6,Monaco Grand Prix,20,MAG,Haas F1 Team,6.0,71.109,0.9429999999999978,0.0,,,,,
6,Monaco Grand Prix,23,ALB,Toro Rosso,10.0,71.429,1.2630000000000052,4.0,,,,,
6,Monaco Grand Prix,26,KVY,Toro Rosso,8.0,71.271,1.105000000000004,6.0,,,,,
6,Monaco Grand Prix,27,HUL,Renault,11.0,71.67,1.5040000000000049,0.0,,,,,
6,Monaco Grand Prix,3,RIC,Renault,7.0,71.218,1.0520000000000067,2.0,,,,,
6,Monaco Grand Prix,33,VER,Red Bull,3.0,70.618,0.4519999999999982,12.0,,,,,
6,Monaco Grand Prix,4,NOR,McLaren,12.0,71.724,1.558000000000007,0.0,,,,,
6,Monaco Grand Prix,44,HAM,Mercedes,1.0,70.166,0.0,25.0,,,,,
6,Monaco Grand Prix,5,VET,Ferrari,4.0,70.947,0.7810000000000059,18.0,,,,,
6,Monaco Grand Prix,55,SAI,McLaren,9.0,71.417,1.2510000000000048,8.0,,,,,
6,Monaco Grand Prix,63,RUS,Williams,19.0,73.477,3.311000000000007,0.0,,,,,
6,Monaco Grand Prix,7,RAI,Alfa Romeo,14.0,71.993,1.8269999999999982,0.0,,,,,
6,Monaco Grand Prix,77,BOT,Mercedes,2.0,70.252,0.08599999999999852,15.0,,,,,
6,Monaco Grand Prix,8,GRO,Haas F1 Team,13.0,71.837,1.6710000000000065,1.0,,,,,
6,Monaco Grand Prix,88,KUB,Williams,20.0,73.751,3.585000000000008,0.0,,,,,
6,Monaco Grand Prix,99,GIO,Alfa Romeo,15.0,71.976,1.8100000000000023,0.0,,,,,
7,Canadian Grand Prix,10,GAS,Red Bull,5.0,71.079,0.8389999999999986,4.0,,,,,
7,Canadian Grand Prix,11,PER,Racing Point,16.0,72.197,1.9570000000000078,0.0,,,,,
7,Canadian Grand Prix,16,LEC,Ferrari,3.0,70.92,0.6800000000000068,15.0,,,,,
7,Canadian Grand Prix,18,STR,Racing Point,18.0,72.266,2.0260000000000105,2.0,,,,,
7,Canadian Grand Prix,20,MAG,Haas F1 Team,10.0,71.786,1.5460000000000065,0.0,,,,,
7,Canadian Grand Prix,23,ALB,Toro Rosso,14.0,72.02,1.7800000000000011,0.0,,,,,
7,Canadian Grand Prix,26,KVY,Toro Rosso,12.0,71.921,1.6810000000000116,1.0,,,,,
7,Canadian Grand Prix,27,HUL,Renault,7.0,71.324,1.0840000000000032,6.0,,,,,
7,Canadian Grand Prix,3,RIC,Renault,4.0,71.071,0.8310000000000031,8.0,,,,,
7,Canadian Grand Prix,33,VER,Red Bull,11.0,71.619,1.3790000000000049,10.0,,,,,
7,Canadian Grand Prix,4,NOR,McLaren,8.0,71.735,1.4950000000000045,0.0,,,,,
7,Canadian Grand Prix,44,HAM,Mercedes,2.0,70.446,0.20600000000000307,25.0,,,,,
7,Canadian Grand Prix,5,VET,Ferrari,1.0,70.24,0.0,18.0,,,,,
7,Canadian Grand Prix,55,SAI,McLaren,9.0,71.572,1.3320000000000078,0.0,,,,,
7,Canadian Grand Prix,63,RUS,Williams,19.0,73.617,3.3770000000000095,0.0,,,,,
7,Canadian Grand Prix,7,RAI,Alfa Romeo,17.0,72.23,1.990000000000009,0.0,,,,,
7,Canadian Grand Prix,77,BOT,Mercedes,6.0,71.095,0.855000000000004,13.0,,,,,
7,Canadian Grand Prix,8,GRO,Haas F1 Team,15.0,72.109,1.8689999999999998,0.0,,,,,
7,Canadian Grand Prix,88,KUB,Williams,20.0,74.393,4.153000000000006,0.0,,,,,
7,Canadian Grand Prix,99,GIO,Alfa Romeo,13.0,72.122,1.882000000000005,0.0,,,,,
