round,event,driver_number,driver,team,grid,quali_time,finish,points,status,fp_race_pace_delta,fp_best_delta,fp_laps,sprint_quali_pos,sprint_finish,sprint_gain,quali_delta
1,Australian Grand Prix,1,NOR,McLaren,6.0,79.475,5.0,10.0,Finished,0.0,1.0649999999999975,29.0,,,,0.9569999999999936
1,Australian Grand Prix,10,GAS,Alpine,14.0,80.501,10.0,1.0,Lapped,2.961600000000004,2.0180000000000007,42.0,,,,1.983000000000004
1,Australian Grand Prix,11,PER,Cadillac,18.0,82.605,16.0,0.0,Lapped,4.686800000000005,4.353000000000009,18.0,,,,4.087000000000003
1,Australian Grand Prix,12,ANT,Mercedes,2.0,78.811,2.0,18.0,Finished,0.0,0.2139999999999986,36.0,,,,0.2930000000000063
1,Australian Grand Prix,14,ALO,Aston Martin,17.0,81.969,18.0,0.0,Retired,7.615800000000007,3.6670000000000016,18.0,,,,3.4509999999999934
1,Australian Grand Prix,16,LEC,Ferrari,4.0,79.327,3.0,15.0,Finished,2.7416666666666742,0.0,49.0,,,,0.8089999999999975
1,Australian Grand Prix,18,STR,Aston Martin,22.0,,17.0,0.0,Lapped,13.932333333333348,6.087000000000003,7.0,,,,
1,Australian Grand Prix,23,ALB,Williams,15.0,80.941,12.0,0.0,Lapped,10.056200000000004,2.117999999999995,48.0,,,,2.423000000000002
1,Australian Grand Prix,27,HUL,Audi,11.0,80.303,22.0,0.0,Did not start,1.961333333333343,1.622,39.0,,,,1.7849999999999966
1,Australian Grand Prix,3,VER,Red Bull Racing,20.0,,6.0,8.0,Finished,0.5003999999999991,0.5220000000000056,26.0,,,,
1,Australian Grand Prix,30,LAW,Racing Bulls,8.0,79.994,13.0,0.0,Lapped,2.073499999999996,1.6290000000000049,44.0,,,,1.475999999999999
1,Australian Grand Prix,31,OCO,Haas F1 Team,13.0,80.491,11.0,0.0,Lapped,3.28291666666668,1.4500000000000028,39.0,,,,1.972999999999999
1,Australian Grand Prix,41,LIN,Racing Bulls,9.0,79.971,8.0,4.0,Lapped,2.8696666666666744,1.0460000000000065,39.0,,,,1.453000000000003
1,Australian Grand Prix,43,COL,Alpine,16.0,81.2,14.0,0.0,Lapped,1.50566666666667,2.359999999999999,40.0,,,,2.682000000000002
1,Australian Grand Prix,44,HAM,Ferrari,7.0,79.478,4.0,12.0,Finished,1.4484166666666738,0.3209999999999979,51.0,,,,0.9599999999999936
1,Australian Grand Prix,5,BOR,Audi,10.0,80.221,9.0,2.0,Lapped,0.7516666666666652,1.406000000000006,33.0,,,,1.703000000000003
1,Australian Grand Prix,55,SAI,Williams,21.0,,15.0,0.0,Lapped,1.668999999999997,2.0559999999999974,28.0,,,,
1,Australian Grand Prix,6,HAD,Red Bull Racing,3.0,79.303,20.0,0.0,Retired,0.7512499999999989,0.8200000000000074,37.0,,,,0.7849999999999966
1,Australian Grand Prix,63,RUS,Mercedes,1.0,78.518,1.0,25.0,Finished,0.1516666666666708,0.0,40.0,,,,0.0
1,Australian Grand Prix,77,BOT,Cadillac,19.0,83.244,19.0,0.0,Retired,4.943666666666672,3.7550000000000097,40.0,,,,4.725999999999999
1,Australian Grand Prix,81,PIA,McLaren,5.0,79.38,21.0,0.0,Did not start,1.8811666666666724,0.0,35.0,,,,0.8619999999999948
1,Australian Grand Prix,87,BEA,Haas F1 Team,12.0,80.311,7.0,6.0,Lapped,3.126416666666671,1.5969999999999942,42.0,,,,1.7930000000000064
2,Chinese Grand Prix,1,NOR,McLaren,6.0,92.608,20.0,0.0,Did not start,2.272199999999998,0.5550000000000068,16.0,3.0,4.0,-1.0,0.5440000000000111
2,Chinese Grand Prix,10,GAS,Alpine,7.0,92.873,6.0,8.0,Finished,1.7993333333333368,1.9350000000000025,12.0,7.0,11.0,-4.0,0.8090000000000117
2,Chinese Grand Prix,11,PER,Cadillac,21.0,96.906,15.0,0.0,Lapped,5.6766666666666765,6.459000000000003,5.0,21.0,19.0,2.0,4.842000000000013
2,Chinese Grand Prix,12,ANT,Mercedes,1.0,92.064,1.0,25.0,Finished,0.0259999999999962,0.1200000000000045,17.0,2.0,5.0,-3.0,0.0
2,Chinese Grand Prix,14,ALO,Aston Martin,18.0,95.203,17.0,0.0,Retired,8.603333333333325,3.114999999999995,10.0,18.0,17.0,1.0,3.13900000000001
2,Chinese Grand Prix,16,LEC,Ferrari,4.0,92.428,4.0,12.0,Finished,0.3370000000000033,0.8580000000000041,14.0,6.0,2.0,4.0,0.3640000000000043
2,Chinese Grand Prix,18,STR,Aston Martin,20.0,95.995,18.0,0.0,Retired,11.954666666666668,4.483000000000004,11.0,19.0,18.0,1.0,3.931000000000011
2,Chinese Grand Prix,23,ALB,Williams,22.0,94.772,22.0,0.0,Did not start,2.0986666666666736,2.7390000000000043,18.0,22.0,16.0,6.0,2.7080000000000126
2,Chinese Grand Prix,27,HUL,Audi,11.0,93.354,11.0,0.0,Lapped,4.681250000000006,1.897999999999996,16.0,11.0,20.0,-9.0,1.2900000000000065
2,Chinese Grand Prix,3,VER,Red Bull Racing,8.0,93.002,16.0,0.0,Retired,3.0293333333333408,1.7999999999999972,16.0,8.0,9.0,-1.0,0.9380000000000024
2,Chinese Grand Prix,30,LAW,Racing Bulls,14.0,93.765,7.0,6.0,Finished,3.369799999999998,2.0319999999999965,14.0,13.0,7.0,6.0,1.7010000000000076
2,Chinese Grand Prix,31,OCO,Haas F1 Team,13.0,93.538,14.0,0.0,Lapped,1.5220000000000056,2.135999999999996,12.0,12.0,10.0,2.0,1.4740000000000038
2,Chinese Grand Prix,41,LIN,Racing Bulls,15.0,93.784,12.0,0.0,Lapped,,5.155000000000001,2.0,15.0,22.0,-7.0,1.720000000000013
2,Chinese Grand Prix,43,COL,Alpine,12.0,93.357,10.0,1.0,Lapped,2.513600000000011,2.206000000000003,14.0,16.0,14.0,2.0,1.2930000000000064
2,Chinese Grand Prix,44,HAM,Ferrari,3.0,92.415,3.0,15.0,Finished,6.276333333333355,1.3880000000000052,13.0,4.0,3.0,1.0,0.3510000000000133
2,Chinese Grand Prix,5,BOR,Audi,16.0,93.549,21.0,0.0,Did not start,9.244800000000012,2.087000000000004,12.0,14.0,13.0,1.0,1.4850000000000136
2,Chinese Grand Prix,55,SAI,Williams,17.0,94.317,9.0,2.0,Lapped,7.4306000000000125,2.9380000000000024,11.0,17.0,12.0,5.0,2.253
2,Chinese Grand Prix,6,HAD,Red Bull Racing,9.0,93.121,8.0,4.0,Finished,3.0900000000000034,2.114999999999995,16.0,10.0,15.0,-5.0,1.0570000000000022
2,Chinese Grand Prix,63,RUS,Mercedes,2.0,92.286,2.0,18.0,Finished,0.0,0.0,17.0,1.0,1.0,0.0,0.2220000000000084
2,Chinese Grand Prix,77,BOT,Cadillac,19.0,95.436,13.0,0.0,Lapped,3.740400000000008,3.3160000000000025,15.0,20.0,21.0,-1.0,3.372000000000014
2,Chinese Grand Prix,81,PIA,McLaren,5.0,92.55,19.0,0.0,Did not start,0.6910000000000167,0.7309999999999945,18.0,5.0,6.0,-1.0,0.4860000000000042
2,Chinese Grand Prix,87,BEA,Haas F1 Team,10.0,93.197,5.0,10.0,Finished,1.4624000000000024,1.6850000000000025,15.0,9.0,8.0,1.0,1.1330000000000098
3,Japanese Grand Prix,1,NOR,McLaren,5.0,89.409,5.0,10.0,Finished,2.700950000000006,0.132000000000005,33.0,,,,0.6310000000000002
3,Japanese Grand Prix,10,GAS,Alpine,7.0,89.691,7.0,6.0,Finished,1.4786,1.3119999999999976,47.0,,,,0.9129999999999968
3,Japanese Grand Prix,11,PER,Cadillac,19.0,92.206,17.0,0.0,Finished,3.323750000000004,2.555000000000007,30.0,,,,3.4279999999999973
3,Japanese Grand Prix,12,ANT,Mercedes,1.0,88.778,1.0,25.0,Finished,0.0,0.0,39.0,,,,0.0
3,Japanese Grand Prix,14,ALO,Aston Martin,21.0,92.646,18.0,0.0,Lapped,3.9299999999999926,3.463000000000008,20.0,,,,3.867999999999995
3,Japanese Grand Prix,16,LEC,Ferrari,4.0,89.303,3.0,15.0,Finished,0.4587500000000091,0.2890000000000015,46.0,,,,0.5249999999999915
3,Japanese Grand Prix,18,STR,Aston Martin,22.0,92.92,21.0,0.0,Retired,9.644999999999996,3.628,35.0,,,,4.141999999999996
3,Japanese Grand Prix,23,ALB,Williams,17.0,91.088,20.0,0.0,Lapped,2.639499999999998,1.3629999999999995,50.0,,,,2.309999999999988
3,Japanese Grand Prix,27,HUL,Audi,13.0,90.358,11.0,0.0,Finished,0.4849999999999994,1.132000000000005,46.0,,,,1.5799999999999983
3,Japanese Grand Prix,3,VER,Red Bull Racing,11.0,90.262,8.0,4.0,Finished,0.9367500000000036,0.7909999999999968,46.0,,,,1.4839999999999949
3,Japanese Grand Prix,30,LAW,Racing Bulls,14.0,90.495,9.0,2.0,Finished,2.0887500000000045,0.8629999999999995,51.0,,,,1.7169999999999987
3,Japanese Grand Prix,31,OCO,Haas F1 Team,12.0,90.309,10.0,1.0,Finished,1.1110833333333403,0.9350000000000024,44.0,,,,1.5309999999999917
3,Japanese Grand Prix,41,LIN,Racing Bulls,10.0,90.109,14.0,0.0,Finished,2.127749999999992,0.9990000000000094,25.0,,,,1.3309999999999889
3,Japanese Grand Prix,43,COL,Alpine,15.0,90.627,16.0,0.0,Finished,0.4787499999999909,1.6950000000000074,49.0,,,,1.848999999999989
3,Japanese Grand Prix,44,HAM,Ferrari,6.0,89.567,6.0,8.0,Finished,1.6246666666666698,0.3740000000000094,41.0,,,,0.7889999999999873
3,Japanese Grand Prix,5,BOR,Audi,9.0,89.99,13.0,0.0,Finished,0.5171500000000151,1.0930000000000035,34.0,,,,1.211999999999989
3,Japanese Grand Prix,55,SAI,Williams,16.0,90.927,15.0,0.0,Finished,0.0,1.4750000000000083,55.0,,,,2.149000000000001
3,Japanese Grand Prix,6,HAD,Red Bull Racing,8.0,89.978,12.0,0.0,Finished,2.3155,1.1370000000000005,52.0,,,,1.1999999999999886
3,Japanese Grand Prix,63,RUS,Mercedes,2.0,89.076,4.0,12.0,Finished,0.2719999999999913,0.0,41.0,,,,0.2979999999999876
3,Japanese Grand Prix,77,BOT,Cadillac,20.0,92.33,19.0,0.0,Lapped,3.134999999999991,2.482,46.0,,,,3.5519999999999925
3,Japanese Grand Prix,81,PIA,McLaren,3.0,89.132,2.0,18.0,Finished,0.6116666666666646,0.0,42.0,,,,0.3539999999999992
3,Japanese Grand Prix,87,BEA,Haas F1 Team,18.0,91.09,22.0,0.0,Retired,0.0,1.2340000000000089,41.0,,,,2.3119999999999976
4,Miami Grand Prix,1,NOR,McLaren,4.0,88.183,2.0,18.0,Finished,0.0,0.8979999999999961,21.0,1.0,1.0,0.0,0.3850000000000051
4,Miami Grand Prix,10,GAS,Alpine,9.0,88.81,21.0,0.0,Retired,3.2534000000000134,1.277000000000001,21.0,10.0,8.0,2.0,1.0120000000000005
4,Miami Grand Prix,11,PER,Cadillac,20.0,91.967,16.0,0.0,Lapped,5.945666666666668,2.7369999999999948,15.0,17.0,16.0,1.0,4.168999999999997
4,Miami Grand Prix,12,ANT,Mercedes,1.0,87.798,1.0,25.0,Finished,1.7693333333333356,0.7689999999999912,16.0,2.0,6.0,-4.0,0.0
4,Miami Grand Prix,14,ALO,Aston Martin,17.0,91.098,15.0,0.0,Lapped,11.33466666666665,3.2830000000000013,22.0,20.0,15.0,5.0,3.299999999999997
4,Miami Grand Prix,16,LEC,Ferrari,3.0,88.143,8.0,4.0,Finished,2.3346666666666778,0.0,29.0,4.0,3.0,1.0,0.3449999999999988
4,Miami Grand Prix,18,STR,Aston Martin,18.0,91.164,17.0,0.0,Lapped,11.527,3.649000000000001,16.0,21.0,17.0,4.0,3.366
4,Miami Grand Prix,23,ALB,Williams,15.0,89.72,10.0,1.0,Finished,4.038399999999996,1.7139999999999986,24.0,18.0,18.0,0.0,1.921999999999997
4,Miami Grand Prix,27,HUL,Audi,10.0,89.439,19.0,0.0,Retired,3.5090000000000003,2.2849999999999966,20.0,12.0,20.0,-8.0,1.6409999999999911
4,Miami Grand Prix,3,VER,Red Bull Racing,2.0,87.964,5.0,10.0,Finished,2.6200000000000045,0.296999999999997,29.0,5.0,5.0,0.0,0.1659999999999968
4,Miami Grand Prix,30,LAW,Racing Bulls,11.0,89.499,20.0,0.0,Retired,4.55680000000001,2.337999999999994,26.0,15.0,14.0,1.0,1.7009999999999934
4,Miami Grand Prix,31,OCO,Haas F1 Team,14.0,89.772,13.0,0.0,Lapped,3.4526666666666728,2.325000000000003,22.0,16.0,11.0,5.0,1.974000000000004
4,Miami Grand Prix,41,LIN,Racing Bulls,16.0,90.133,14.0,0.0,Lapped,5.553333333333342,3.5519999999999925,29.0,22.0,21.0,1.0,2.3349999999999937
4,Miami Grand Prix,43,COL,Alpine,8.0,88.762,7.0,6.0,Finished,1.2450000000000043,1.7049999999999983,19.0,8.0,10.0,-2.0,0.9639999999999986
4,Miami Grand Prix,44,HAM,Ferrari,6.0,88.319,6.0,8.0,Finished,2.4599999999999937,0.4669999999999987,22.0,7.0,7.0,0.0,0.5210000000000008
4,Miami Grand Prix,5,BOR,Audi,21.0,93.737,12.0,0.0,Lapped,8.030333333333331,1.801000000000002,17.0,11.0,22.0,-11.0,5.938999999999993
4,Miami Grand Prix,55,SAI,Williams,13.0,89.54,9.0,2.0,Finished,3.781999999999997,1.6200000000000043,21.0,14.0,13.0,1.0,1.7420000000000044
4,Miami Grand Prix,6,HAD,Red Bull Racing,22.0,,22.0,0.0,Retired,3.5611999999999995,1.5630000000000024,24.0,9.0,9.0,0.0,
4,Miami Grand Prix,63,RUS,Mercedes,5.0,88.197,4.0,12.0,Finished,1.9298,0.789999999999992,18.0,6.0,4.0,2.0,0.3990000000000009
4,Miami Grand Prix,77,BOT,Cadillac,19.0,91.629,18.0,0.0,Lapped,6.599000000000004,3.451999999999998,20.0,19.0,19.0,0.0,3.831000000000003
4,Miami Grand Prix,81,PIA,McLaren,7.0,88.332,3.0,15.0,Finished,3.058999999999997,0.4479999999999933,23.0,3.0,2.0,1.0,0.5339999999999918
4,Miami Grand Prix,87,BEA,Haas F1 Team,12.0,89.34,11.0,0.0,Lapped,1.839250000000007,1.7809999999999917,18.0,13.0,12.0,1.0,1.5420000000000016
5,Canadian Grand Prix,1,NOR,McLaren,3.0,72.729,18.0,0.0,Retired,5.070999999999998,1.789999999999992,17.0,3.0,2.0,1.0,0.1509999999999962
5,Canadian Grand Prix,10,GAS,Alpine,14.0,74.187,8.0,4.0,Lapped,2.239750000000001,3.4069999999999965,16.0,20.0,20.0,0.0,1.6089999999999949
5,Canadian Grand Prix,11,PER,Cadillac,20.0,75.429,17.0,0.0,Retired,2.367599999999996,4.524000000000001,15.0,16.0,14.0,2.0,2.850999999999999
5,Canadian Grand Prix,12,ANT,Mercedes,2.0,72.646,1.0,25.0,Finished,0.3190000000000026,0.0,20.0,2.0,3.0,-1.0,0.0679999999999978
5,Canadian Grand Prix,14,ALO,Aston Martin,19.0,75.196,20.0,0.0,Retired,4.755200000000002,2.6200000000000045,15.0,15.0,22.0,-7.0,2.617999999999995
5,Canadian Grand Prix,16,LEC,Ferrari,8.0,72.976,4.0,12.0,Finished,0.5588000000000051,0.953000000000003,20.0,6.0,5.0,1.0,0.3979999999999961
5,Canadian Grand Prix,18,STR,Aston Martin,22.0,76.195,15.0,0.0,Lapped,11.391666666666666,3.918999999999997,14.0,17.0,16.0,1.0,3.6169999999999902
5,Canadian Grand Prix,23,ALB,Williams,18.0,74.851,21.0,0.0,Retired,10.378749999999997,3.239999999999995,9.0,22.0,19.0,3.0,2.272999999999996
5,Canadian Grand Prix,27,HUL,Audi,11.0,73.886,12.0,0.0,Lapped,7.050000000000011,2.2959999999999923,13.0,11.0,15.0,-4.0,1.3079999999999927
5,Canadian Grand Prix,3,VER,Red Bull Racing,6.0,72.907,3.0,15.0,Finished,0.7802000000000078,2.492999999999995,17.0,7.0,7.0,0.0,0.3289999999999935
5,Canadian Grand Prix,30,LAW,Racing Bulls,12.0,73.897,7.0,6.0,Lapped,2.770333333333326,4.028999999999996,3.0,18.0,11.0,7.0,1.3190000000000026
5,Canadian Grand Prix,31,OCO,Haas F1 Team,17.0,74.845,14.0,0.0,Lapped,1.875399999999999,3.094999999999999,18.0,14.0,13.0,1.0,2.266999999999996
5,Canadian Grand Prix,41,LIN,Racing Bulls,9.0,73.28,22.0,0.0,Did not start,3.301599999999993,2.049999999999997,18.0,9.0,8.0,1.0,0.7019999999999982
5,Canadian Grand Prix,43,COL,Alpine,10.0,73.697,6.0,8.0,Lapped,,,,13.0,9.0,4.0,1.1189999999999998
5,Canadian Grand Prix,44,HAM,Ferrari,5.0,72.868,2.0,18.0,Finished,0.3526000000000096,1.3499999999999943,20.0,5.0,6.0,-1.0,0.289999999999992
5,Canadian Grand Prix,5,BOR,Audi,13.0,74.071,13.0,0.0,Lapped,2.9780000000000086,3.1140000000000043,19.0,12.0,12.0,0.0,1.492999999999995
5,Canadian Grand Prix,55,SAI,Williams,15.0,74.273,9.0,2.0,Lapped,1.5326000000000022,3.257999999999996,22.0,10.0,10.0,0.0,1.6949999999999932
5,Canadian Grand Prix,6,HAD,Red Bull Racing,7.0,72.935,5.0,10.0,Lapped,0.9476000000000084,2.850999999999999,17.0,8.0,21.0,-13.0,0.3569999999999993
5,Canadian Grand Prix,63,RUS,Mercedes,1.0,72.578,19.0,0.0,Retired,0.0,0.1419999999999959,22.0,1.0,1.0,0.0,0.0
5,Canadian Grand Prix,77,BOT,Cadillac,21.0,76.272,16.0,0.0,Lapped,2.5531999999999897,4.465999999999994,14.0,21.0,17.0,4.0,3.6940000000000026
5,Canadian Grand Prix,81,PIA,McLaren,4.0,72.781,11.0,0.0,Lapped,0.4572000000000003,1.5609999999999928,20.0,4.0,4.0,0.0,0.2030000000000029
5,Canadian Grand Prix,87,BEA,Haas F1 Team,16.0,74.416,10.0,1.0,Lapped,2.816999999999993,4.367999999999995,13.0,19.0,18.0,1.0,1.837999999999994
6,Monaco Grand Prix,1,NOR,McLaren,8.0,72.765,19.0,0.0,Retired,1.5922000000000054,1.2860000000000014,37.0,,,,0.7139999999999986
6,Monaco Grand Prix,10,GAS,Alpine,9.0,73.226,7.0,6.0,Finished,3.01339999999999,1.4710000000000036,67.0,,,,1.1749999999999972
6,Monaco Grand Prix,11,PER,Cadillac,18.0,74.747,15.0,0.0,Finished,0.5540666666666567,2.0900000000000034,46.0,,,,2.695999999999998
6,Monaco Grand Prix,12,ANT,Mercedes,1.0,72.051,1.0,25.0,Finished,0.2253999999999933,0.0,55.0,,,,0.0
6,Monaco Grand Prix,14,ALO,Aston Martin,21.0,75.349,10.0,1.0,Finished,1.1080666666666588,2.2680000000000007,52.0,,,,3.298000000000002
6,Monaco Grand Prix,16,LEC,Ferrari,4.0,72.351,17.0,0.0,Retired,1.4852000000000205,0.0,69.0,,,,0.2999999999999971
6,Monaco Grand Prix,18,STR,Aston Martin,22.0,76.061,18.0,0.0,Retired,1.978899999999996,3.1480000000000103,42.0,,,,4.010000000000005
6,Monaco Grand Prix,23,ALB,Williams,11.0,73.787,8.0,4.0,Finished,2.127600000000001,1.573999999999998,68.0,,,,1.7360000000000042
6,Monaco Grand Prix,27,HUL,Audi,13.0,73.902,13.0,0.0,Finished,2.026600000000002,1.0679999999999978,60.0,,,,1.850999999999999
6,Monaco Grand Prix,3,VER,Red Bull Racing,2.0,72.094,22.0,0.0,Retired,0.0,0.1680000000000063,58.0,,,,0.0429999999999921
6,Monaco Grand Prix,30,LAW,Racing Bulls,10.0,73.412,5.0,10.0,Finished,4.600450000000009,1.7590000000000003,58.0,,,,1.3610000000000042
6,Monaco Grand Prix,31,OCO,Haas F1 Team,17.0,74.722,9.0,2.0,Finished,1.0493999999999917,1.558000000000007,62.0,,,,2.6709999999999923
6,Monaco Grand Prix,41,LIN,Racing Bulls,15.0,74.248,6.0,8.0,Finished,6.01039999999999,1.7220000000000084,65.0,,,,2.1970000000000027
6,Monaco Grand Prix,43,COL,Alpine,14.0,73.995,14.0,0.0,Finished,3.628250000000008,1.731999999999999,63.0,,,,1.9440000000000024
6,Monaco Grand Prix,44,HAM,Ferrari,3.0,72.279,2.0,18.0,Finished,0.0,0.0,63.0,,,,0.2279999999999944
6,Monaco Grand Prix,5,BOR,Audi,16.0,74.683,11.0,0.0,Finished,2.3357500000000044,1.0999999999999943,63.0,,,,2.632000000000005
6,Monaco Grand Prix,55,SAI,Williams,12.0,73.815,16.0,0.0,Retired,3.778333333333336,1.4860000000000042,61.0,,,,1.7639999999999958
6,Monaco Grand Prix,6,HAD,Red Bull Racing,5.0,72.434,3.0,15.0,Finished,1.0752000000000097,1.061000000000007,39.0,,,,0.3829999999999955
6,Monaco Grand Prix,63,RUS,Mercedes,6.0,72.445,12.0,0.0,Finished,1.921666666666681,0.3790000000000049,57.0,,,,0.3939999999999912
6,Monaco Grand Prix,77,BOT,Cadillac,20.0,75.283,21.0,0.0,Retired,6.450399999999988,2.7309999999999945,52.0,,,,3.232
6,Monaco Grand Prix,81,PIA,McLaren,7.0,72.624,4.0,12.0,Finished,1.3637333333333288,0.9779999999999944,51.0,,,,0.5729999999999933
6,Monaco Grand Prix,87,BEA,Haas F1 Team,19.0,74.814,20.0,0.0,Retired,3.476399999999998,1.4300000000000068,59.0,,,,2.762999999999991
7,Barcelona Grand Prix,1,NOR,McLaren,4.0,75.001,3.0,15.0,Finished,0.0,0.0,24.0,,,,0.3220000000000027
7,Barcelona Grand Prix,10,GAS,Alpine,14.0,76.261,7.0,6.0,Lapped,1.6410000000000051,1.8340000000000032,33.0,,,,1.5819999999999936
7,Barcelona Grand Prix,11,PER,Cadillac,19.0,77.545,14.0,0.0,Lapped,2.850666666666669,3.0120000000000005,32.0,,,,2.866
7,Barcelona Grand Prix,12,ANT,Mercedes,3.0,74.998,16.0,0.0,Retired,0.1300000000000096,0.5889999999999986,21.0,,,,0.3190000000000026
7,Barcelona Grand Prix,14,ALO,Aston Martin,22.0,78.815,19.0,0.0,Retired,4.8089999999999975,3.7039999999999935,30.0,,,,4.135999999999996
7,Barcelona Grand Prix,16,LEC,Ferrari,10.0,75.281,15.0,0.0,Retired,0.0829999999999984,0.242999999999995,33.0,,,,0.6020000000000039
7,Barcelona Grand Prix,18,STR,Aston Martin,21.0,78.758,22.0,0.0,Retired,6.801333333333332,3.9549999999999983,28.0,,,,4.0789999999999935
7,Barcelona Grand Prix,23,ALB,Williams,18.0,77.424,18.0,0.0,Lapped,3.221999999999994,2.733000000000004,25.0,,,,2.7450000000000045
7,Barcelona Grand Prix,27,HUL,Audi,9.0,75.768,20.0,0.0,Retired,1.1766666666666763,1.2819999999999965,29.0,,,,1.0889999999999986
7,Barcelona Grand Prix,3,VER,Red Bull Racing,5.0,75.021,4.0,12.0,Finished,0.3036666666666576,0.7549999999999955,42.0,,,,0.3419999999999987
7,Barcelona Grand Prix,30,LAW,Racing Bulls,8.0,75.585,8.0,4.0,Lapped,10.820666666666682,1.1089999999999949,17.0,,,,0.9059999999999916
7,Barcelona Grand Prix,31,OCO,Haas F1 Team,17.0,77.073,13.0,0.0,Lapped,0.6990000000000123,2.0090000000000003,41.0,,,,2.3939999999999912
7,Barcelona Grand Prix,41,LIN,Racing Bulls,11.0,75.84,9.0,2.0,Lapped,1.5486666666666622,0.9849999999999994,40.0,,,,1.1610000000000014
7,Barcelona Grand Prix,43,COL,Alpine,13.0,76.191,10.0,1.0,Lapped,0.7940000000000111,1.5300000000000011,38.0,,,,1.5120000000000005
7,Barcelona Grand Prix,44,HAM,Ferrari,2.0,74.743,1.0,25.0,Finished,1.4300000000000068,0.7019999999999982,24.0,,,,0.0639999999999929
7,Barcelona Grand Prix,5,BOR,Audi,12.0,76.001,11.0,0.0,Lapped,0.8610000000000042,1.1850000000000025,28.0,,,,1.3220000000000027
7,Barcelona Grand Prix,55,SAI,Williams,16.0,76.881,12.0,0.0,Lapped,2.471333333333334,1.593999999999994,46.0,,,,2.201999999999998
7,Barcelona Grand Prix,6,HAD,Red Bull Racing,6.0,75.077,6.0,8.0,Lapped,1.8116666666666672,1.0049999999999957,23.0,,,,0.3979999999999961
7,Barcelona Grand Prix,63,RUS,Mercedes,1.0,74.679,2.0,18.0,Finished,0.0,0.0,39.0,,,,0.0
7,Barcelona Grand Prix,77,BOT,Cadillac,20.0,77.757,21.0,0.0,Retired,1.2364000000000033,2.551000000000002,26.0,,,,3.078000000000003
7,Barcelona Grand Prix,81,PIA,McLaren,7.0,75.09,5.0,10.0,Finished,0.0,0.0570000000000021,31.0,,,,0.4110000000000013
7,Barcelona Grand Prix,87,BEA,Haas F1 Team,15.0,76.389,17.0,0.0,Retired,2.549333333333337,1.5189999999999912,35.0,,,,1.7099999999999935
8,Austrian Grand Prix,1,NOR,McLaren,6.0,66.502,7.0,6.0,Finished,0.0,0.2639999999999958,29.0,,,,0.3889999999999958
8,Austrian Grand Prix,10,GAS,Alpine,11.0,67.223,13.0,0.0,Lapped,0.8316666666666634,1.0969999999999942,45.0,,,,1.1099999999999994
8,Austrian Grand Prix,11,PER,Cadillac,19.0,68.945,21.0,0.0,Retired,3.679066666666671,2.435999999999993,27.0,,,,2.8319999999999936
8,Austrian Grand Prix,12,ANT,Mercedes,4.0,66.414,3.0,15.0,Finished,1.0416666666666714,0.0,39.0,,,,0.3010000000000019
8,Austrian Grand Prix,14,ALO,Aston Martin,21.0,69.942,18.0,0.0,Lapped,3.4606666666666683,3.325000000000003,39.0,,,,3.8289999999999935
8,Austrian Grand Prix,16,LEC,Ferrari,2.0,66.349,8.0,4.0,Finished,1.051000000000002,0.3559999999999945,26.0,,,,0.2360000000000042
8,Austrian Grand Prix,18,STR,Aston Martin,22.0,70.363,19.0,0.0,Retired,3.445999999999998,3.470999999999989,29.0,,,,4.25
8,Austrian Grand Prix,23,ALB,Williams,18.0,68.509,17.0,0.0,Lapped,1.434733333333341,1.823999999999998,53.0,,,,2.396000000000001
8,Austrian Grand Prix,27,HUL,Audi,14.0,67.611,12.0,0.0,Lapped,1.053666666666672,1.2069999999999936,49.0,,,,1.4980000000000049
8,Austrian Grand Prix,3,VER,Red Bull Racing,5.0,66.475,2.0,18.0,Finished,0.1566666666666663,0.2729999999999961,33.0,,,,0.3619999999999947
8,Austrian Grand Prix,30,LAW,Racing Bulls,9.0,66.955,9.0,2.0,Lapped,0.9988000000000028,0.9350000000000024,36.0,,,,0.8419999999999987
8,Austrian Grand Prix,31,OCO,Haas F1 Team,15.0,67.817,16.0,0.0,Lapped,2.426866666666669,1.61099999999999,27.0,,,,1.7039999999999935
8,Austrian Grand Prix,41,LIN,Racing Bulls,10.0,67.007,10.0,1.0,Lapped,1.070999999999998,0.9299999999999926,46.0,,,,0.8940000000000055
8,Austrian Grand Prix,43,COL,Alpine,16.0,67.894,15.0,0.0,Lapped,1.0529999999999973,1.1659999999999968,38.0,,,,1.781000000000006
8,Austrian Grand Prix,44,HAM,Ferrari,3.0,66.408,5.0,10.0,Finished,0.5353333333333268,0.1149999999999948,49.0,,,,0.2950000000000017
8,Austrian Grand Prix,5,BOR,Audi,12.0,67.293,11.0,0.0,Lapped,0.6254000000000133,1.2150000000000034,28.0,,,,1.1800000000000068
8,Austrian Grand Prix,55,SAI,Williams,17.0,68.252,20.0,0.0,Retired,1.730066666666687,1.747,33.0,,,,2.138999999999996
8,Austrian Grand Prix,6,HAD,Red Bull Racing,8.0,66.632,6.0,8.0,Finished,0.0,0.7439999999999998,40.0,,,,0.5190000000000055
8,Austrian Grand Prix,63,RUS,Mercedes,1.0,66.113,1.0,25.0,Finished,0.3389999999999986,0.0,49.0,,,,0.0
8,Austrian Grand Prix,77,BOT,Cadillac,20.0,69.03,22.0,0.0,Retired,2.926333333333332,1.7249999999999943,32.0,,,,2.9170000000000016
8,Austrian Grand Prix,81,PIA,McLaren,7.0,66.511,4.0,12.0,Finished,0.0,0.1169999999999902,37.0,,,,0.3979999999999961
8,Austrian Grand Prix,87,BEA,Haas F1 Team,13.0,67.523,14.0,0.0,Lapped,1.5266666666666708,1.4329999999999927,41.0,,,,1.4099999999999966
9,British Grand Prix,1,NOR,McLaren,6.0,88.877,4.0,12.0,Finished,2.830533333333321,1.0279999999999916,16.0,6.0,3.0,3.0,0.7659999999999911
9,British Grand Prix,10,GAS,Alpine,15.0,90.063,10.0,1.0,Finished,18.25066666666666,2.934999999999988,13.0,11.0,11.0,0.0,1.9519999999999984
9,British Grand Prix,11,PER,Cadillac,20.0,91.451,14.0,0.0,Finished,3.596133333333327,2.9809999999999945,15.0,18.0,22.0,-4.0,3.339999999999989
9,British Grand Prix,12,ANT,Mercedes,1.0,88.111,15.0,0.0,Finished,1.727583333333328,0.2129999999999938,18.0,2.0,1.0,1.0,0.0
9,British Grand Prix,14,ALO,Aston Martin,21.0,93.025,18.0,0.0,Lapped,14.377333333333311,3.696999999999989,16.0,20.0,20.0,0.0,4.9140000000000015
9,British Grand Prix,16,LEC,Ferrari,2.0,88.286,1.0,25.0,Finished,0.5600833333333242,0.5989999999999895,22.0,4.0,5.0,-1.0,0.1749999999999971
9,British Grand Prix,18,STR,Aston Martin,22.0,92.863,19.0,0.0,Lapped,12.50399999999999,3.8699999999999903,15.0,21.0,21.0,0.0,4.751999999999995
9,British Grand Prix,23,ALB,Williams,16.0,90.638,21.0,0.0,Retired,8.64513333333332,2.4369999999999976,18.0,22.0,18.0,4.0,2.527000000000001
9,British Grand Prix,27,HUL,Audi,12.0,89.539,22.0,0.0,Retired,9.643333333333317,1.48299999999999,19.0,13.0,15.0,-2.0,1.4279999999999973
9,British Grand Prix,3,VER,Red Bull Racing,7.0,88.893,20.0,0.0,Retired,1.6523333333333312,0.9799999999999898,17.0,3.0,6.0,-3.0,0.7819999999999965
9,British Grand Prix,30,LAW,Racing Bulls,10.0,89.3,6.0,8.0,Finished,2.410583333333321,1.5899999999999892,18.0,9.0,8.0,1.0,1.188999999999993
9,British Grand Prix,31,OCO,Haas F1 Team,17.0,90.68,13.0,0.0,Finished,2.5608333333333206,2.4239999999999924,15.0,17.0,16.0,1.0,2.5690000000000026
9,British Grand Prix,41,LIN,Racing Bulls,9.0,89.305,7.0,6.0,Finished,2.865333333333325,2.078999999999993,20.0,10.0,10.0,0.0,1.1940000000000026
9,British Grand Prix,43,COL,Alpine,19.0,91.321,9.0,2.0,Finished,1.7631333333333146,1.7059999999999889,17.0,14.0,12.0,2.0,3.2099999999999937
9,British Grand Prix,44,HAM,Ferrari,3.0,88.458,3.0,15.0,Finished,0.313533333333325,0.0,20.0,1.0,2.0,-1.0,0.3469999999999942
9,British Grand Prix,5,BOR,Audi,11.0,89.461,8.0,4.0,Finished,4.059333333333328,1.7749999999999917,15.0,12.0,13.0,-1.0,1.3499999999999943
9,British Grand Prix,55,SAI,Williams,14.0,90.562,17.0,0.0,Lapped,2.0889333333333155,2.4239999999999924,20.0,15.0,17.0,-2.0,2.4509999999999934
9,British Grand Prix,6,HAD,Red Bull Racing,5.0,88.746,5.0,10.0,Finished,0.0,1.0779999999999887,18.0,8.0,9.0,-1.0,0.6349999999999909
9,British Grand Prix,63,RUS,Mercedes,4.0,88.481,2.0,18.0,Finished,1.048333333333332,0.6779999999999973,19.0,5.0,4.0,1.0,0.3699999999999903
9,British Grand Prix,77,BOT,Cadillac,18.0,91.227,16.0,0.0,Finished,4.085533333333316,2.890000000000001,15.0,19.0,19.0,0.0,3.116
9,British Grand Prix,81,PIA,McLaren,8.0,89.032,11.0,0.0,Finished,2.538333333333327,0.8870000000000005,16.0,7.0,7.0,0.0,0.9209999999999924
9,British Grand Prix,87,BEA,Haas F1 Team,13.0,90.501,12.0,0.0,Finished,2.563933333333324,2.1129999999999995,16.0,16.0,14.0,2.0,2.390000000000001
10,Belgian Grand Prix,1,NOR,McLaren,13.0,104.801,7.0,6.0,Finished,0.5229999999999961,0.13900000000001,25.0,,,,0.4399999999999977
10,Belgian Grand Prix,10,GAS,Alpine,10.0,106.331,11.0,0.0,Finished,1.277000000000001,1.4159999999999968,26.0,,,,1.9699999999999989
10,Belgian Grand Prix,11,PER,Cadillac,18.0,107.971,21.0,0.0,Retired,2.819666666666677,3.0,31.0,,,,3.609999999999999
10,Belgian Grand Prix,12,ANT,Mercedes,1.0,104.361,1.0,25.0,Finished,0.0,0.0,23.0,,,,0.0
10,Belgian Grand Prix,14,ALO,Aston Martin,22.0,110.002,19.0,0.0,Lapped,12.070666666666682,4.165000000000006,12.0,,,,5.640999999999991
10,Belgian Grand Prix,16,LEC,Ferrari,4.0,104.893,2.0,18.0,Finished,0.0,0.2070000000000078,22.0,,,,0.5319999999999965
10,Belgian Grand Prix,18,STR,Aston Martin,20.0,110.177,20.0,0.0,Retired,5.836333333333329,4.641000000000005,17.0,,,,5.8160000000000025
10,Belgian Grand Prix,23,ALB,Williams,15.0,107.12,15.0,0.0,Finished,2.6438333333333333,2.0,25.0,,,,2.7590000000000003
10,Belgian Grand Prix,27,HUL,Audi,12.0,106.671,13.0,0.0,Finished,3.626583333333329,0.9340000000000116,24.0,,,,2.3100000000000023
10,Belgian Grand Prix,3,VER,Red Bull Racing,2.0,104.678,3.0,15.0,Finished,0.081000000000003,0.0,29.0,,,,0.316999999999993
10,Belgian Grand Prix,30,LAW,Racing Bulls,9.0,106.12,12.0,0.0,Finished,2.2196666666666545,1.304000000000002,27.0,,,,1.7590000000000003
10,Belgian Grand Prix,31,OCO,Haas F1 Team,16.0,107.801,17.0,0.0,Finished,4.61066666666666,2.013999999999996,29.0,,,,3.4399999999999977
10,Belgian Grand Prix,41,LIN,Racing Bulls,7.0,105.143,9.0,2.0,Finished,0.0486666666666621,1.1640000000000017,28.0,,,,0.7819999999999965
10,Belgian Grand Prix,43,COL,Alpine,11.0,106.392,10.0,1.0,Finished,1.1723333333333272,1.203000000000003,27.0,,,,2.030999999999992
10,Belgian Grand Prix,44,HAM,Ferrari,5.0,104.895,4.0,12.0,Finished,0.5388333333333293,0.1450000000000102,24.0,,,,0.5339999999999918
10,Belgian Grand Prix,5,BOR,Audi,8.0,105.628,8.0,4.0,Finished,1.669083333333333,1.0590000000000117,20.0,,,,1.266999999999996
10,Belgian Grand Prix,55,SAI,Williams,19.0,106.777,16.0,0.0,Finished,3.6901333333333217,2.3119999999999976,29.0,,,,2.415999999999997
10,Belgian Grand Prix,6,HAD,Red Bull Racing,21.0,105.823,6.0,8.0,Finished,0.0,0.2520000000000095,30.0,,,,1.461999999999989
10,Belgian Grand Prix,63,RUS,Mercedes,3.0,104.869,22.0,0.0,Retired,1.666333333333327,0.3670000000000044,21.0,,,,0.5079999999999956
10,Belgian Grand Prix,77,BOT,Cadillac,17.0,107.823,18.0,0.0,Lapped,5.147666666666652,2.6540000000000106,32.0,,,,3.461999999999989
10,Belgian Grand Prix,81,PIA,McLaren,6.0,105.016,5.0,10.0,Finished,2.142333333333326,0.4520000000000124,21.0,,,,0.6550000000000011
10,Belgian Grand Prix,87,BEA,Haas F1 Team,14.0,106.779,14.0,0.0,Finished,3.625333333333344,1.847999999999999,27.0,,,,2.417999999999992
11,Hungarian Grand Prix,1,NOR,McLaren,1.0,77.207,1.0,25.0,Finished,0.4147333333333307,0.0,47.0,,,,0.0
11,Hungarian Grand Prix,10,GAS,Alpine,12.0,78.844,12.0,0.0,Lapped,1.485900000000015,1.784000000000006,50.0,,,,1.6370000000000005
11,Hungarian Grand Prix,11,PER,Cadillac,22.0,81.322,21.0,0.0,Retired,1.8714999999999973,3.013999999999996,34.0,,,,4.115000000000009
11,Hungarian Grand Prix,12,ANT,Mercedes,7.0,77.479,3.0,15.0,Finished,0.0003333333333301,0.1290000000000049,22.0,,,,0.2720000000000055
11,Hungarian Grand Prix,14,ALO,Aston Martin,16.0,79.808,14.0,0.0,Lapped,4.086133333333336,2.454000000000008,38.0,,,,2.6010000000000133
11,Hungarian Grand Prix,16,LEC,Ferrari,2.0,77.445,4.0,12.0,Finished,0.6383333333333212,0.0,45.0,,,,0.2379999999999995
11,Hungarian Grand Prix,18,STR,Aston Martin,20.0,80.659,13.0,0.0,Lapped,9.530833333333334,2.994000000000014,17.0,,,,3.4520000000000124
11,Hungarian Grand Prix,23,ALB,Williams,19.0,80.658,17.0,0.0,Lapped,0.1025000000000062,2.244,44.0,,,,3.451000000000008
11,Hungarian Grand Prix,27,HUL,Audi,10.0,78.639,9.0,2.0,Lapped,0.8434999999999917,1.2210000000000036,45.0,,,,1.4320000000000022
11,Hungarian Grand Prix,3,VER,Red Bull Racing,4.0,77.725,2.0,18.0,Finished,0.0,0.4839999999999946,44.0,,,,0.5180000000000007
11,Hungarian Grand Prix,30,LAW,Racing Bulls,11.0,78.765,8.0,4.0,Lapped,1.3059999999999974,1.149000000000001,49.0,,,,1.558000000000007
11,Hungarian Grand Prix,31,OCO,Haas F1 Team,15.0,79.734,16.0,0.0,Lapped,1.8283333333333327,1.828000000000003,40.0,,,,2.527000000000001
11,Hungarian Grand Prix,41,LIN,Racing Bulls,9.0,78.281,10.0,1.0,Lapped,1.9839333333333256,1.524000000000001,43.0,,,,1.0740000000000125
11,Hungarian Grand Prix,43,COL,Alpine,13.0,79.027,15.0,0.0,Lapped,2.799999999999997,2.116000000000014,27.0,,,,1.8200000000000072
11,Hungarian Grand Prix,44,HAM,Ferrari,5.0,77.219,5.0,10.0,Finished,0.0,0.0,42.0,,,,0.0120000000000004
11,Hungarian Grand Prix,5,BOR,Audi,14.0,79.069,11.0,0.0,Lapped,0.0988333333333315,1.399000000000001,37.0,,,,1.862000000000009
11,Hungarian Grand Prix,55,SAI,Williams,18.0,80.621,18.0,0.0,Lapped,1.946700000000007,2.6970000000000027,44.0,,,,3.414000000000001
11,Hungarian Grand Prix,6,HAD,Red Bull Racing,8.0,77.856,6.0,8.0,Finished,1.11966666666666,0.921999999999997,34.0,,,,0.6490000000000009
11,Hungarian Grand Prix,63,RUS,Mercedes,6.0,77.76,7.0,6.0,Finished,0.3479333333333301,0.6020000000000039,42.0,,,,0.5530000000000115
11,Hungarian Grand Prix,77,BOT,Cadillac,21.0,80.886,22.0,0.0,Retired,3.760999999999996,2.712999999999994,28.0,,,,3.679000000000002
11,Hungarian Grand Prix,81,PIA,McLaren,3.0,77.684,20.0,0.0,Retired,1.4878333333333271,0.4990000000000094,30.0,,,,0.4770000000000038
11,Hungarian Grand Prix,87,BEA,Haas F1 Team,17.0,80.233,19.0,0.0,Lapped,2.528333333333336,2.221000000000004,26.0,,,,3.0260000000000105
12,Dutch Grand Prix,1,NOR,McLaren,1.0,71.163,1.0,25.0,Finished,0.1557999999999992,0.1209999999999951,18.0,2.0,3.0,-1.0,0.0
12,Dutch Grand Prix,10,GAS,Alpine,11.0,72.616,10.0,1.0,Lapped,7.038399999999996,0.9620000000000032,16.0,8.0,8.0,0.0,1.453000000000003
12,Dutch Grand Prix,11,PER,Cadillac,22.0,74.6,15.0,0.0,Lapped,7.776999999999987,2.7510000000000048,16.0,20.0,21.0,-1.0,3.4369999999999976
12,Dutch Grand Prix,12,ANT,Mercedes,3.0,71.296,2.0,18.0,Finished,0.3295999999999992,0.0,23.0,5.0,4.0,1.0,0.1330000000000097
12,Dutch Grand Prix,14,ALO,Aston Martin,18.0,73.65,9.0,2.0,Lapped,8.6036,1.5619999999999976,16.0,22.0,18.0,4.0,2.487000000000009
12,Dutch Grand Prix,16,LEC,Ferrari,6.0,71.558,5.0,10.0,Finished,0.116199999999992,0.2890000000000015,24.0,3.0,2.0,1.0,0.3950000000000102
12,Dutch Grand Prix,18,STR,Aston Martin,19.0,73.818,20.0,0.0,Retired,4.837350000000001,2.25,14.0,18.0,17.0,1.0,2.655000000000001
12,Dutch Grand Prix,22,TSU,Racing Bulls,12.0,72.627,11.0,0.0,Lapped,2.6239333333333263,2.161000000000002,24.0,12.0,13.0,-1.0,1.4639999999999986
12,Dutch Grand Prix,23,ALB,Williams,16.0,73.182,17.0,0.0,Retired,2.2031999999999954,2.4080000000000013,21.0,16.0,16.0,0.0,2.019000000000005
12,Dutch Grand Prix,27,HUL,Audi,13.0,72.797,8.0,4.0,Lapped,1.2058000000000106,0.835000000000008,23.0,14.0,22.0,-8.0,1.6340000000000003
12,Dutch Grand Prix,3,VER,Red Bull Racing,7.0,71.618,22.0,0.0,Retired,0.6669333333333327,1.3760000000000048,13.0,6.0,6.0,0.0,0.4549999999999983
12,Dutch Grand Prix,30,LAW,Red Bull Racing,8.0,71.733,7.0,6.0,Finished,2.164599999999993,1.912000000000006,20.0,11.0,11.0,0.0,0.5700000000000074
12,Dutch Grand Prix,31,OCO,Haas F1 Team,15.0,73.137,19.0,0.0,Retired,1.651199999999989,1.9480000000000075,16.0,15.0,14.0,1.0,1.974000000000004
12,Dutch Grand Prix,41,LIN,Racing Bulls,10.0,72.185,12.0,0.0,Lapped,2.512599999999992,1.3359999999999983,27.0,10.0,10.0,0.0,1.0220000000000056
12,Dutch Grand Prix,43,COL,Alpine,14.0,72.8,14.0,0.0,Lapped,1.861599999999996,1.8769999999999951,19.0,13.0,12.0,1.0,1.6370000000000005
12,Dutch Grand Prix,44,HAM,Ferrari,5.0,71.494,4.0,12.0,Finished,0.0,0.1899999999999977,20.0,7.0,7.0,0.0,0.331000000000003
12,Dutch Grand Prix,5,BOR,Audi,9.0,72.079,13.0,0.0,Lapped,2.1385999999999967,1.0430000000000064,14.0,9.0,9.0,0.0,0.9159999999999968
12,Dutch Grand Prix,55,SAI,Williams,17.0,73.574,16.0,0.0,Lapped,4.777799999999985,3.396000000000001,22.0,21.0,20.0,1.0,2.411000000000002
12,Dutch Grand Prix,63,RUS,Mercedes,2.0,71.265,3.0,15.0,Finished,0.4445999999999941,0.125,26.0,1.0,1.0,0.0,0.1020000000000038
12,Dutch Grand Prix,77,BOT,Cadillac,21.0,74.371,18.0,0.0,Retired,7.530933333333323,2.631,16.0,19.0,19.0,0.0,3.2079999999999984
12,Dutch Grand Prix,81,PIA,McLaren,4.0,71.305,6.0,8.0,Finished,0.8412000000000006,0.659000000000006,26.0,4.0,5.0,-1.0,0.1420000000000101
12,Dutch Grand Prix,87,BEA,Haas F1 Team,20.0,73.826,21.0,0.0,Retired,2.0749999999999886,1.9249999999999967,21.0,17.0,15.0,2.0,2.6629999999999967
13,Italian Grand Prix,1,NOR,McLaren,8.0,82.067,4.0,12.0,Finished,0.5675999999999988,0.3840000000000003,42.0,,,,0.2809999999999917
13,Italian Grand Prix,10,GAS,Alpine,1.0,81.786,7.0,6.0,Finished,0.0,0.679000000000002,36.0,,,,0.0
13,Italian Grand Prix,11,PER,Cadillac,17.0,84.595,18.0,0.0,Lapped,2.483000000000004,2.522999999999996,28.0,,,,2.808999999999997
13,Italian Grand Prix,12,ANT,Mercedes,19.0,81.882,1.0,25.0,Finished,0.0,0.1410000000000053,45.0,,,,0.0960000000000036
13,Italian Grand Prix,14,ALO,Aston Martin,21.0,85.15,21.0,0.0,Retired,9.33126666666668,2.4680000000000035,35.0,,,,3.3640000000000043
13,Italian Grand Prix,16,LEC,Ferrari,3.0,82.004,22.0,0.0,Retired,0.2437999999999931,0.0,49.0,,,,0.2180000000000035
13,Italian Grand Prix,18,STR,Aston Martin,18.0,85.222,20.0,0.0,Retired,4.112799999999993,2.6940000000000026,45.0,,,,3.435999999999993
13,Italian Grand Prix,22,TSU,Racing Bulls,15.0,83.755,10.0,1.0,Finished,1.2356000000000051,0.8960000000000008,48.0,,,,1.968999999999994
13,Italian Grand Prix,23,ALB,Williams,20.0,84.356,17.0,0.0,Lapped,0.932600000000022,1.293999999999997,43.0,,,,2.569999999999993
13,Italian Grand Prix,27,HUL,Audi,12.0,82.779,12.0,0.0,Finished,1.4479333333333528,0.9070000000000108,41.0,,,,0.992999999999995
13,Italian Grand Prix,3,VER,Red Bull Racing,5.0,82.07,3.0,15.0,Finished,0.3306666666666729,0.3500000000000085,31.0,,,,0.2839999999999918
13,Italian Grand Prix,30,LAW,Red Bull Racing,22.0,82.821,14.0,0.0,Finished,0.0071999999999974,0.4250000000000113,60.0,,,,1.0349999999999966
13,Italian Grand Prix,31,OCO,Haas F1 Team,14.0,83.454,16.0,0.0,Lapped,1.5601000000000056,1.801000000000002,38.0,,,,1.6679999999999922
13,Italian Grand Prix,41,LIN,Racing Bulls,9.0,82.286,8.0,4.0,Finished,0.3238500000000073,0.5050000000000097,49.0,,,,0.5
13,Italian Grand Prix,43,COL,Alpine,7.0,82.22,9.0,2.0,Finished,0.7212000000000103,0.882000000000005,49.0,,,,0.4339999999999975
13,Italian Grand Prix,44,HAM,Ferrari,4.0,82.011,6.0,8.0,Finished,0.2875999999999976,0.1730000000000018,44.0,,,,0.2249999999999943
13,Italian Grand Prix,5,BOR,Audi,10.0,82.517,11.0,0.0,Finished,0.0,0.9980000000000048,28.0,,,,0.7309999999999945
13,Italian Grand Prix,55,SAI,Williams,13.0,83.453,13.0,0.0,Finished,0.363266666666675,1.3410000000000082,55.0,,,,1.6670000000000016
13,Italian Grand Prix,63,RUS,Mercedes,2.0,81.846,2.0,18.0,Finished,0.3003999999999962,0.0,41.0,,,,0.0600000000000022
13,Italian Grand Prix,77,BOT,Cadillac,16.0,84.364,19.0,0.0,Lapped,2.5202000000000027,2.5900000000000034,49.0,,,,2.578000000000003
13,Italian Grand Prix,81,PIA,McLaren,6.0,81.966,5.0,10.0,Finished,0.6676000000000073,0.4690000000000083,43.0,,,,0.1799999999999926
13,Italian Grand Prix,87,BEA,Haas F1 Team,11.0,82.756,15.0,0.0,Finished,1.3961999999999932,0.811000000000007,41.0,,,,0.9699999999999988
14,Spanish Grand Prix,1,NOR,McLaren,1.0,91.824,3.0,15.0,Finished,0.0,0.2360000000000042,21.0,,,,0.0
14,Spanish Grand Prix,10,GAS,Alpine,14.0,93.753,12.0,0.0,Lapped,2.125,1.296999999999997,28.0,,,,1.929000000000002
14,Spanish Grand Prix,11,PER,Cadillac,18.0,95.913,20.0,0.0,Retired,4.765666666666675,3.532999999999987,28.0,,,,4.088999999999999
14,Spanish Grand Prix,12,ANT,Mercedes,2.0,91.835,1.0,25.0,Finished,3.864333333333336,0.0,31.0,,,,0.0109999999999956
14,Spanish Grand Prix,14,ALO,Aston Martin,17.0,95.388,17.0,0.0,Lapped,5.788250000000005,2.222999999999999,39.0,,,,3.564000000000007
14,Spanish Grand Prix,16,LEC,Ferrari,5.0,92.019,4.0,12.0,Finished,6.975133333333332,0.1129999999999995,42.0,,,,0.1950000000000074
14,Spanish Grand Prix,18,STR,Aston Martin,21.0,,21.0,0.0,Retired,9.36999999999999,2.772999999999996,33.0,,,,
14,Spanish Grand Prix,22,TSU,Racing Bulls,15.0,94.084,14.0,0.0,Lapped,6.898933333333332,1.0959999999999894,24.0,,,,2.260000000000005
14,Spanish Grand Prix,23,ALB,Williams,16.0,95.307,15.0,0.0,Lapped,7.11033333333333,3.274000000000001,28.0,,,,3.483000000000004
14,Spanish Grand Prix,27,HUL,Audi,11.0,93.223,10.0,1.0,Lapped,1.9895833333333288,1.13600000000001,33.0,,,,1.399000000000001
14,Spanish Grand Prix,3,VER,Red Bull Racing,3.0,91.964,2.0,18.0,Finished,0.0,0.375,29.0,,,,0.1400000000000005
14,Spanish Grand Prix,30,LAW,Red Bull Racing,8.0,92.316,6.0,8.0,Finished,3.4509999999999934,1.105000000000004,27.0,,,,0.4920000000000044
14,Spanish Grand Prix,31,OCO,Haas F1 Team,13.0,93.667,11.0,0.0,Lapped,6.02558333333333,1.2049999999999983,27.0,,,,1.8430000000000035
14,Spanish Grand Prix,41,LIN,Racing Bulls,10.0,93.041,9.0,2.0,Lapped,1.6979999999999933,0.2279999999999944,23.0,,,,1.2169999999999987
14,Spanish Grand Prix,43,COL,Alpine,9.0,92.903,7.0,6.0,Finished,2.781333333333336,1.5490000000000066,31.0,,,,1.0790000000000075
14,Spanish Grand Prix,44,HAM,Ferrari,4.0,92.013,22.0,0.0,Retired,6.062333333333342,0.1490000000000009,29.0,,,,0.1890000000000071
14,Spanish Grand Prix,5,BOR,Audi,12.0,93.388,13.0,0.0,Lapped,2.112333333333325,1.4909999999999997,30.0,,,,1.5640000000000072
14,Spanish Grand Prix,55,SAI,Williams,20.0,95.312,19.0,0.0,Retired,6.790666666666667,2.6289999999999907,36.0,,,,3.4879999999999995
14,Spanish Grand Prix,63,RUS,Mercedes,6.0,92.149,5.0,10.0,Finished,0.0,0.0,29.0,,,,0.3250000000000028
14,Spanish Grand Prix,77,BOT,Cadillac,19.0,98.011,18.0,0.0,Lapped,6.580666666666673,3.8730000000000047,38.0,,,,6.186999999999998
14,Spanish Grand Prix,81,PIA,McLaren,7.0,92.294,8.0,4.0,Finished,6.490333333333339,0.1890000000000071,31.0,,,,0.4699999999999988
14,Spanish Grand Prix,87,BEA,Haas F1 Team,22.0,,16.0,0.0,Lapped,6.677000000000007,1.5409999999999968,26.0,,,,
15,Azerbaijan Grand Prix,1,NOR,McLaren,5.0,103.672,19.0,0.0,Retired,4.163466666666665,1.3049999999999926,23.0,,,,1.1460000000000008
15,Azerbaijan Grand Prix,10,GAS,Alpine,7.0,104.047,18.0,0.0,Retired,4.5844166666666695,0.6159999999999997,27.0,,,,1.5210000000000008
15,Azerbaijan Grand Prix,11,PER,Cadillac,20.0,106.658,14.0,0.0,Finished,5.11133333333332,1.983000000000004,26.0,,,,4.132000000000005
15,Azerbaijan Grand Prix,12,ANT,Mercedes,16.0,105.504,5.0,10.0,Finished,0.0,0.2519999999999953,18.0,,,,2.9780000000000086
15,Azerbaijan Grand Prix,14,ALO,Aston Martin,21.0,106.593,21.0,0.0,Retired,0.0,2.4479999999999933,31.0,,,,4.067000000000007
15,Azerbaijan Grand Prix,16,LEC,Ferrari,2.0,103.363,4.0,12.0,Finished,1.6359999999999957,0.4039999999999963,30.0,,,,0.8370000000000033
15,Azerbaijan Grand Prix,18,STR,Aston Martin,22.0,107.337,22.0,0.0,Retired,5.347333333333339,3.1599999999999966,25.0,,,,4.811000000000007
15,Azerbaijan Grand Prix,23,ALB,Williams,12.0,105.001,20.0,0.0,Retired,5.116466666666653,1.5519999999999925,39.0,,,,2.4750000000000085
15,Azerbaijan Grand Prix,27,HUL,Audi,18.0,105.92,11.0,0.0,Finished,0.8314999999999912,1.534000000000006,29.0,,,,3.394000000000005
15,Azerbaijan Grand Prix,3,VER,Red Bull Racing,8.0,103.706,2.0,18.0,Finished,0.0,0.8270000000000124,32.0,,,,1.1800000000000068
15,Azerbaijan Grand Prix,30,LAW,Racing Bulls,11.0,104.86,12.0,0.0,Finished,2.5393999999999863,1.0529999999999973,34.0,,,,2.334000000000003
15,Azerbaijan Grand Prix,31,OCO,Haas F1 Team,13.0,105.016,8.0,4.0,Finished,4.283083333333323,1.2369999999999948,26.0,,,,2.490000000000009
15,Azerbaijan Grand Prix,41,LIN,Racing Bulls,15.0,105.106,7.0,6.0,Finished,4.6203333333333205,1.2139999999999986,19.0,,,,2.5799999999999983
15,Azerbaijan Grand Prix,43,COL,Alpine,9.0,104.683,17.0,0.0,Retired,1.3287999999999869,1.570999999999998,27.0,,,,2.1570000000000107
15,Azerbaijan Grand Prix,44,HAM,Ferrari,6.0,103.858,6.0,8.0,Finished,2.4723333333333244,0.4369999999999976,31.0,,,,1.3320000000000078
15,Azerbaijan Grand Prix,5,BOR,Audi,17.0,105.799,15.0,0.0,Finished,5.1029166666666725,1.301000000000002,23.0,,,,3.2730000000000103
15,Azerbaijan Grand Prix,55,SAI,Williams,14.0,104.566,10.0,1.0,Finished,5.256866666666653,1.5840000000000032,31.0,,,,2.0400000000000063
15,Azerbaijan Grand Prix,6,HAD,Red Bull Racing,4.0,103.5,3.0,15.0,Finished,4.490416666666661,1.1550000000000011,23.0,,,,0.9740000000000038
15,Azerbaijan Grand Prix,63,RUS,Mercedes,1.0,102.526,1.0,25.0,Finished,1.214666666666659,0.0,29.0,,,,0.0
15,Azerbaijan Grand Prix,77,BOT,Cadillac,19.0,108.29,16.0,0.0,Retired,4.236000000000004,3.390000000000001,24.0,,,,5.76400000000001
15,Azerbaijan Grand Prix,81,PIA,McLaren,3.0,103.364,13.0,0.0,Finished,3.869266666666661,0.9479999999999932,24.0,,,,0.8380000000000081
15,Azerbaijan Grand Prix,87,BEA,Haas F1 Team,10.0,104.775,9.0,2.0,Finished,8.732666666666674,1.606999999999999,25.0,,,,2.249000000000009
