year,team,color
2018,Ferrari,#DC0000
2018,Haas F1 Team,#828282
2018,McLaren,#FF8700
2018,Mercedes,#00D2BE
2018,Racing Point,#f596c8
2018,Red Bull Racing,#1E41FF
2018,Renault,#FFF500
2018,Sauber,#9B0000
2018,Toro Rosso,#469BFF
2018,Williams,#FFFFFF
2019,Alfa Romeo Racing,#9b0000
2019,Ferrari,#dc0000
2019,Haas F1 Team,#bd9e57
2019,McLaren,#ff8700
2019,Mercedes,#00d2be
2019,Racing Point,#f596c8
2019,Red Bull Racing,#1e41ff
2019,Renault,#fff500
2019,Toro Rosso,#469bff
2019,Williams,#ffffff
2020,Alfa Romeo Racing,#9B0000
2020,AlphaTauri,#ffffff
2020,Ferrari,#DC0000
2020,Haas F1 Team,#787878
2020,McLaren,#FF8700
2020,Mercedes,#00D2BE
2020,Racing Point,#F596C8
2020,Red Bull Racing,#1E41FF
2020,Renault,#FFF500
2020,Williams,#0082fa
2021,Alfa Romeo Racing,#900000
2021,AlphaTauri,#2B4562
2021,Alpine,#0090FF
2021,Aston Martin,#006F62
2021,Ferrari,#DC0004
2021,Haas F1 Team,#FFFFFF
2021,McLaren,#FF9800
2021,Mercedes,#00D2BE
2021,Red Bull Racing,#0600EF
2021,Williams,#005AFF
2022,Alfa Romeo,#b12039
2022,AlphaTauri,#4e7c9b
2022,Alpine,#2293d1
2022,Aston Martin,#2d826d
2022,Ferrari,#ed1c24
2022,Haas F1 Team,#b6babd
2022,McLaren,#f58020
2022,Mercedes,#6cd3bf
2022,Red Bull Racing,#1e5bc6
2022,Williams,#37bedd
2023,Alfa Romeo,#C92D4B
2023,AlphaTauri,#5E8FAA
2023,Alpine,#2293D1
2023,Aston Martin,#358C75
2023,Ferrari,#F91536
2023,Haas F1 Team,#B6BABD
2023,McLaren,#F58020
2023,Mercedes,#6CD3BF
2023,Red Bull Racing,#3671C6
2023,Williams,#37BEDD
2024,Alpine,#0093cc
2024,Aston Martin,#229971
2024,Ferrari,#E80020
2024,Haas F1 Team,#B6BABD
2024,Kick Sauber,#52e252
2024,McLaren,#FF8000
2024,Mercedes,#27F4D2
2024,RB,#6692FF
2024,Red Bull Racing,#3671C6
2024,Williams,#64C4FF
2025,Alpine,#00A1E8
2025,Aston Martin,#229971
2025,Ferrari,#ED1131
2025,Haas F1 Team,#9C9FA2
2025,Kick Sauber,#01C00E
2025,McLaren,#F47600
2025,Mercedes,#00D7B6
2025,Racing Bulls,#6C98FF
2025,Red Bull Racing,#4781D7
2025,Williams,#1868DB
2026,Alpine,#00A1E8
2026,Aston Martin,#229971
2026,Audi,#F50537
2026,Cadillac,#909090
2026,Ferrari,#ED1131
2026,Haas F1 Team,#9C9FA2
2026,McLaren,#F47600
2026,Mercedes,#00D7B6
2026,Racing Bulls,#6C98FF
2026,Red Bull Racing,#4781D7
2026,Williams,#1868DB
